entry_ts,exit_ts,long,short,long_z,short_z,z_spread,long_ret,short_ret,gross_ret,net_ret,pnl_usd,equity,pair,year
2023-02-10 08:00:00.005,2023-02-14 08:00:00.014,XRPUSDT,SOLUSDT,-1.946269425934314,0.28623681812116375,2.232506244055478,-0.028467908902691574,-0.03877366997294862,-0.0336207894378201,-0.0356207894378201,-356.207894378201,9643.792105621798,XRPUSDT vs SOLUSDT,2023
2023-02-15 00:00:00.011,2023-02-19 00:00:00.019,ETHUSDT,SOLUSDT,-0.7245498764613069,0.08369866160627995,0.8082485380675868,0.0890580987047731,-0.078219454112475,0.005419322296149054,0.003419322296149054,32.97523336617885,9676.767338987976,ETHUSDT vs SOLUSDT,2023
2023-02-20 00:00:00.006,2023-02-24 00:00:00.015,ETHUSDT,SOLUSDT,-0.03884953912817167,0.6001315778974012,0.6389811170255729,-0.017679682943955832,0.03533057019838237,0.00882544362721327,0.00682544362721327,66.048229965921,9742.815568953898,ETHUSDT vs SOLUSDT,2023
2023-02-24 16:00:00.014,2023-02-28 16:00:00.005,BTCUSDT,XRPUSDT,-1.8987182047099276,0.27246873256533233,2.1711869372752597,-0.008891421813335798,0.01364113326337879,0.0023748557250214963,0.0003748557250214963,3.6521501938509355,9746.46771914775,BTCUSDT vs XRPUSDT,2023
2023-03-01 08:00:00.000,2023-03-05 08:00:00.000,ETHUSDT,XRPUSDT,-2.9441786173507785,0.2995076948018263,3.243686312152605,-0.04967461250409011,0.029835121695891198,-0.009919745404099456,-0.011919745404099456,-116.17541380151509,9630.292305346235,ETHUSDT vs XRPUSDT,2023
2023-03-06 00:00:00.007,2023-03-10 00:00:00.000,BTCUSDT,SOLUSDT,-1.2134605609883227,0.40106947272214566,1.6145300337104684,-0.11045839968241644,0.19002862595419845,0.039785113135891004,0.037785113135891,363.88168428920807,9994.173989635443,BTCUSDT vs SOLUSDT,2023
2023-03-10 16:00:00.005,2023-03-14 16:00:00.010,ETHUSDT,SOLUSDT,-2.089564008949843,0.4057356685846843,2.4952996775345273,0.20015955719348777,-0.18263727545758512,0.008761140867951323,0.0067611408679513225,67.57201820274031,10061.746007838183,ETHUSDT vs SOLUSDT,2023
2023-03-15 08:00:00.000,2023-03-19 08:00:00.024,XRPUSDT,ETHUSDT,0.45601444770359617,5.300520382381867,4.844505934678271,0.048128342245989275,-0.05080563386885961,-0.0013386458114351685,-0.0033386458114351685,-33.59260616479348,10028.15340167339,XRPUSDT vs ETHUSDT,2023
2023-03-20 00:00:00.005,2023-03-24 00:00:00.013,BNBUSDT,SOLUSDT,-3.6651979524618756,0.6243199795220548,4.28951793198393,-0.03323406789755812,-0.005534211489205854,-0.019384139693381985,-0.021384139693381987,-214.44343320804754,9813.709968465342,BNBUSDT vs SOLUSDT,2023
2023-03-24 16:00:00.027,2023-03-28 16:00:00.013,XRPUSDT,ETHUSDT,-0.787534908159848,0.6295729026445157,1.4171078108043638,0.2068965517241379,-0.0035223430943387424,0.10168710431489958,0.09968710431489958,978.3003293425744,10792.010297807916,XRPUSDT vs ETHUSDT,2023
2023-03-29 08:00:00.006,2023-04-02 08:00:00.014,SOLUSDT,ETHUSDT,-1.8509764999377107,0.6908264116734282,2.541802911611139,-0.029808508631261277,0.004234422976732932,-0.012787042827264172,-0.014787042827264172,-159.58191846596162,10632.428379341954,SOLUSDT vs ETHUSDT,2023
2023-04-03 00:00:00.000,2023-04-07 00:00:00.006,ETHUSDT,BNBUSDT,-0.5694533114683026,0.26732054497183333,0.8367738564401359,0.03147946809400359,0.011672034952323163,0.021575751523163378,0.019575751523163376,208.13777604182877,10840.566155383784,ETHUSDT vs BNBUSDT,2023
2023-04-07 16:00:00.000,2023-04-11 16:00:00.016,XRPUSDT,ETHUSDT,-1.25247904652848,0.23479649805289876,1.4872755445813788,0.016939137285798544,-0.015898199889207598,0.0005204686982954732,-0.0014795313017045269,-16.03895695508901,10824.527198428694,XRPUSDT vs ETHUSDT,2023
2023-04-12 08:00:00.008,2023-04-16 08:00:00.007,ETHUSDT,BTCUSDT,-0.8641492372577433,0.7878886076536227,1.652037844911366,0.12013011331414436,-0.011514534932203668,0.054307789190970346,0.052307789190970344,566.207086787333,11390.734285216027,ETHUSDT vs BTCUSDT,2023
2023-04-17 00:00:00.017,2023-04-21 00:00:00.009,SOLUSDT,BNBUSDT,0.6265215852869837,1.4366797807626026,0.810158195475619,-0.12223887661722943,0.05177370206404874,-0.035232587276590344,-0.037232587276590345,-424.10650841875565,10966.627776797272,SOLUSDT vs BNBUSDT,2023
2023-04-21 16:00:00.003,2023-04-25 16:00:00.015,XRPUSDT,BTCUSDT,-0.07755625914044023,0.7479350004873098,0.8254912596277499,0.019105514546243985,-0.00905724722467971,0.005024133660782137,0.0030241336607821374,33.164548205081005,10999.792325002352,XRPUSDT vs BTCUSDT,2023
2023-04-26 08:00:00.013,2023-04-30 08:00:00.000,XRPUSDT,SOLUSDT,-0.9522423864772596,-3.0588797142285515e-05,0.9522117976801173,0.024390243902439046,-0.07985398129135302,-0.027731868694456985,-0.029731868694456987,-327.0443810732657,10672.747943929087,XRPUSDT vs SOLUSDT,2023
2023-05-01 08:00:00.008,2023-05-05 08:00:00.000,BNBUSDT,SOLUSDT,-2.3284987746314196,0.5679448116904547,2.8964435863218743,-0.020502982524504776,0.0001344567945500419,-0.010184262864977367,-0.012184262864977367,-130.03956644047872,10542.708377488609,BNBUSDT vs SOLUSDT,2023
2023-05-06 00:00:00.009,2023-05-10 00:00:00.007,BNBUSDT,ETHUSDT,0.5439668659573493,1.0803768862765932,0.5364100203192439,-0.0455659741374026,0.07772954254598374,0.016081784204290572,0.014081784204290572,148.46014430056098,10691.16852178917,BNBUSDT vs ETHUSDT,2023
2023-05-10 16:00:00.000,2023-05-14 16:00:00.008,SOLUSDT,BNBUSDT,-0.42901955856055846,0.44241076691524545,0.8714303254758039,-0.007449938312612647,0.008707811606178173,0.0006289366467827628,-0.0013710633532172372,-14.658269363294833,10676.510252425875,SOLUSDT vs BNBUSDT,2023
2023-05-15 08:00:00.005,2023-05-19 08:00:00.002,ETHUSDT,XRPUSDT,-1.7264659323577054,0.17448838662562674,1.9009543189833322,-0.007297672841059533,-0.09430856067732818,-0.050803116759193856,-0.05280311675919386,-563.7530174395738,10112.7572349863,ETHUSDT vs XRPUSDT,2023
2023-05-20 00:00:00.005,2023-05-24 00:00:00.000,BTCUSDT,ETHUSDT,-0.4569152472231166,1.1517879755785874,1.608703222801704,-0.007662792471929691,-0.0010875685941105218,-0.0043751805330201066,-0.006375180533020107,-64.4706530596429,10048.286581926657,BTCUSDT vs ETHUSDT,2023
2023-05-24 16:00:00.008,2023-05-28 16:00:00.000,ETHUSDT,XRPUSDT,-1.0170466435634447,0.723275346709266,1.7403219902727107,0.06463598326359832,-0.06968486462494439,-0.0025244406806730346,-0.004524440680673035,-45.46287658232997,10002.823705344326,ETHUSDT vs XRPUSDT,2023
2023-05-29 08:00:00.020,2023-06-02 08:00:00.006,BNBUSDT,ETHUSDT,0.5784793478214908,1.4497730044956147,0.871293656674124,-0.026697177726925925,0.0045799597805830095,-0.011058608973171458,-0.013058608973171458,-130.6229633956616,9872.200741948665,BNBUSDT vs ETHUSDT,2023
2023-06-03 00:00:00.000,2023-06-07 00:00:00.000,BNBUSDT,BTCUSDT,0.5057892643609558,1.2752537627611251,0.7694644984001693,-0.09942091222590932,0.01620035404990483,-0.041610279088002244,-0.043610279088002246,-430.52942956916417,9441.671312379502,BNBUSDT vs BTCUSDT,2023
2023-06-07 16:00:00.000,2023-06-11 16:00:00.000,BNBUSDT,ETHUSDT,0.3316374619769112,1.3223825116572785,0.9907450496803674,-0.0916148468579816,0.04704397589050635,-0.022285435483737626,-0.024285435483737627,-229.29509951544875,9212.376212864054,BNBUSDT vs ETHUSDT,2023
2023-06-12 08:00:00.000,2023-06-16 08:00:00.000,SOLUSDT,BTCUSDT,-1.0989095392567356,0.7970935751731657,1.8960031144299014,-0.004842775640175212,-0.001519780407239102,-0.003181278023707157,-0.005181278023707157,-47.73188241783509,9164.64433044622,SOLUSDT vs BTCUSDT,2023
2023-06-17 00:00:00.000,2023-06-21 00:00:00.000,XRPUSDT,SOLUSDT,-2.832656017098461,-0.44555997771381617,2.3870960393846445,0.04566498316498313,-0.09858234794538445,-0.02645868239020066,-0.028458682390200662,-260.8137022193222,8903.830628226897,XRPUSDT vs SOLUSDT,2023
2023-06-21 16:00:00.000,2023-06-25 16:00:00.000,ETHUSDT,BTCUSDT,-0.7052687229364376,1.1766786225307155,1.8819473454671531,0.026763450689369916,-0.020816505736185764,0.002973472476592076,0.0009734724765920761,8.667634052816418,8912.498262279712,ETHUSDT vs BTCUSDT,2023
2023-06-26 08:00:00.000,2023-06-30 08:00:00.000,SOLUSDT,ETHUSDT,-0.06818978422327125,1.1766634120773485,1.2448531963006197,0.07985105502689271,0.021332275971451153,0.050591665499171934,0.04859166549917193,433.0731343226469,9345.57139660236,SOLUSDT vs ETHUSDT,2023
2023-07-01 00:00:00.000,2023-07-05 00:00:00.000,BNBUSDT,ETHUSDT,0.16236648646910612,1.1321510189924227,0.9697845325233165,0.011603243917654549,-0.0014016613048379867,0.005100791306408281,0.003100791306408281,28.978666540002493,9374.550063142362,BNBUSDT vs ETHUSDT,2023
2023-07-05 16:00:00.000,2023-07-09 16:00:00.000,BNBUSDT,ETHUSDT,0.08150877740709872,0.9797465971513486,0.8982378197442499,-0.01557173519633015,0.02113553556500758,0.0027819001843387148,0.0007819001843387147,7.329962422463523,9381.880025564826,BNBUSDT vs ETHUSDT,2023
2023-07-10 08:00:00.000,2023-07-14 08:00:00.000,BTCUSDT,SOLUSDT,-2.3615433198291957,0.7931062961777806,3.154649616006976,0.03775747508305649,-0.36030689056166754,-0.16127470773930552,-0.16327470773930552,-1531.823719219325,7850.056306345501,BTCUSDT vs SOLUSDT,2023
2023-07-15 00:00:00.000,2023-07-19 00:00:00.000,BNBUSDT,XRPUSDT,-1.8408246511926263,2.4150968832969593,4.255921534489586,-0.020977046270523214,-0.09905266090833109,-0.06001485358942715,-0.062014853589427155,-486.82009250677555,7363.236213838725,BNBUSDT vs XRPUSDT,2023
2023-07-19 16:00:00.001,2023-07-23 16:00:00.000,BTCUSDT,ETHUSDT,-0.3366226331555771,1.005695636124609,1.342318269280186,0.004378801390795495,0.009148213657763415,0.006763507524279455,0.004763507524279455,35.074831107667734,7398.311044946393,BTCUSDT vs ETHUSDT,2023
2023-07-24 08:00:00.000,2023-07-28 08:00:00.000,XRPUSDT,ETHUSDT,-0.24498445656764456,1.00362113147986,1.2486055880475044,-0.015752383584358154,-0.00029879734070359376,-0.008025590462530874,-0.010025590462530874,-74.17243665105138,7324.138608295341,XRPUSDT vs ETHUSDT,2023
2023-07-29 08:00:00.000,2023-08-02 08:00:00.000,BNBUSDT,ETHUSDT,0.353085038251865,0.9755746026954057,0.6224895644435408,0.006456151967884738,0.015817035374585897,0.011136593671235318,0.009136593671235317,66.91767845580146,7391.056286751143,BNBUSDT vs ETHUSDT,2023
2023-08-03 00:00:00.000,2023-08-07 00:00:00.000,SOLUSDT,ETHUSDT,-0.37722079474909964,0.975240668130517,1.3524614628796168,0.00038902096390747154,0.0015714464376015425,0.000980233700754507,-0.001019766299245493,-7.537150117055348,7383.519136634087,SOLUSDT vs ETHUSDT,2023
2023-08-07 16:00:00.000,2023-08-11 16:00:00.000,SOLUSDT,ETHUSDT,0.1588337513500772,0.753516886554445,0.5946831352043678,0.0816999208930298,-0.016848059336862065,0.03242593077808387,0.030425930778083865,224.65044214988626,7608.1695787839735,SOLUSDT vs ETHUSDT,2023
2023-08-12 08:00:00.000,2023-08-16 08:00:00.001,BNBUSDT,BTCUSDT,-0.34691799708353466,0.9487580865876984,1.295676083671233,-0.030449251247920084,0.010615364737404098,-0.009916943255257993,-0.011916943255257993,-90.66612514674871,7517.503453637225,BNBUSDT vs BTCUSDT,2023
2023-08-17 00:00:00.000,2023-08-21 00:00:00.000,BNBUSDT,ETHUSDT,-0.9978970285560959,1.0258171030607584,2.0237141316168543,-0.07557337471977932,0.07538222323054022,-9.55757446195471e-05,-0.002095575744619547,-15.753497897535844,7501.7499557396895,BNBUSDT vs ETHUSDT,2023
2023-08-21 16:00:00.000,2023-08-25 16:00:00.000,ETHUSDT,XRPUSDT,-1.9170497234345742,0.4597240978114909,2.376773821246065,-0.0020222263806976004,-0.029584639498432708,-0.015803432939565154,-0.017803432939565156,-133.55690226639743,7368.193053473292,ETHUSDT vs XRPUSDT,2023
2023-08-26 08:00:00.000,2023-08-30 08:00:00.000,SOLUSDT,BNBUSDT,-2.6355998212572063,0.3567616753881312,2.9923614966453376,0.025810264998522348,-0.027644673792849295,-0.0009172043971634736,-0.0029172043971634736,-21.49452517474165,7346.698528298551,SOLUSDT vs BNBUSDT,2023
2023-08-31 00:00:00.000,2023-09-04 00:00:00.000,BTCUSDT,SOLUSDT,-0.4397539772395032,0.6920410478449298,1.131795025084433,-0.04897692961627542,0.05012736098428405,0.0005752156840043154,-0.0014247843159956846,-10.467460837468353,7336.231067461083,BTCUSDT vs SOLUSDT,2023
2023-09-04 16:00:00.000,2023-09-08 16:00:00.000,ETHUSDT,BNBUSDT,-1.9628796851686285,0.39136222577064145,2.35424191093927,0.00642946355509344,0.0018138691223663628,0.004121666338729901,0.0021216663387299012,15.56503450897671,7351.79610197006,ETHUSDT vs BNBUSDT,2023
2023-09-09 08:00:00.000,2023-09-13 08:00:00.000,BTCUSDT,BNBUSDT,-2.122225744119828,0.4295010974237698,2.5517268415435974,0.013841753314522087,0.012224029746688347,0.013032891530605217,0.011032891530605217,81.11156894816192,7432.907670918222,BTCUSDT vs BNBUSDT,2023
2023-09-14 00:00:00.000,2023-09-18 00:00:00.000,BTCUSDT,BNBUSDT,-0.21918162252513068,0.4466745058987316,0.6658561284238622,0.018763902189630643,-0.020222922447443947,-0.0007295101289066519,-0.002729510128906652,-20.28819677499924,7412.619474143223,BTCUSDT vs BNBUSDT,2023
2023-09-18 16:00:00.000,2023-09-22 16:00:00.000,BTCUSDT,XRPUSDT,-0.5462638773306804,0.9188049986602561,1.4650688759909365,-0.025389965809206494,-0.016276300119094866,-0.02083313296415068,-0.022833132964150682,-169.25332606576492,7243.366148077458,BTCUSDT vs XRPUSDT,2023
2023-09-23 08:00:00.000,2023-09-27 08:00:00.001,XRPUSDT,BTCUSDT,0.20365148200819636,1.116993323178208,0.9133418411700117,-0.02051983584131345,0.010480996842529122,-0.005019419499392164,-0.007019419499392164,-50.844225581052015,7192.521922496406,XRPUSDT vs BTCUSDT,2023
2023-09-28 00:00:00.000,2023-10-02 00:00:00.000,BTCUSDT,ETHUSDT,0.22682569028684302,0.9674916894563697,0.7406659991695266,0.07357850650237485,-0.08235235216441672,-0.004386922831020934,-0.006386922831020934,-45.93808247941087,7146.583840016995,BTCUSDT vs ETHUSDT,2023
2023-10-02 16:00:00.000,2023-10-06 16:00:00.000,BTCUSDT,ETHUSDT,-0.19545992660428677,1.297028072690548,1.4924879992948348,-0.0035231126182402317,0.02757605147371911,0.012026469427739439,0.010026469427739439,71.65500438470713,7218.238844401702,BTCUSDT vs ETHUSDT,2023
2023-10-07 08:00:00.000,2023-10-11 08:00:00.000,XRPUSDT,ETHUSDT,-0.7551431839368141,1.7249107804813972,2.4800539644182114,-0.07545001914975102,0.047206601466992626,-0.014121708841379199,-0.0161217088413792,-116.3703449969777,7101.868499404724,XRPUSDT vs ETHUSDT,2023
2023-10-12 00:00:00.000,2023-10-16 00:00:00.000,BNBUSDT,BTCUSDT,-0.33640068176164956,1.501441413345697,1.8378420951073466,0.03083103431586065,-0.03620763461073162,-0.002688300147435485,-0.004688300147435485,-33.2956911328266,7068.572808271898,BNBUSDT vs BTCUSDT,2023
2023-10-16 16:00:00.000,2023-10-20 16:00:00.000,BTCUSDT,ETHUSDT,-0.3988816463991453,0.3208274058210477,0.719709052220193,0.0569934519375066,-0.016543546495038308,0.020224952721234146,0.018224952721234144,128.82440523735661,7197.3972135092545,BTCUSDT vs ETHUSDT,2023
2023-10-21 08:00:00.000,2023-10-25 08:00:00.000,XRPUSDT,ETHUSDT,-0.9522184417871381,0.4439046652967312,1.3961231070838693,0.07985305491105965,-0.12498832263167392,-0.022567633860307135,-0.024567633860307136,-176.8230194886902,7020.574194020564,XRPUSDT vs ETHUSDT,2023
2023-10-26 00:00:00.001,2023-10-30 00:00:00.000,XRPUSDT,BNBUSDT,0.7975605095553204,5.2646837600113745,4.467123250456054,-0.004502881844380524,-0.017410473276948002,-0.010956677560664263,-0.012956677560664263,-90.96331612264484,6929.61087789792,XRPUSDT vs BNBUSDT,2023
2023-10-30 16:00:00.000,2023-11-03 16:00:00.000,BNBUSDT,BTCUSDT,-0.5857155316837978,1.4608231501937745,2.046538681877572,0.007521427322022101,-0.0010356416506800414,0.0032428928356710296,0.0012428928356710296,8.612763714127357,6938.223641612047,BNBUSDT vs BTCUSDT,2023
2023-11-04 08:00:00.000,2023-11-08 08:00:00.000,XRPUSDT,BTCUSDT,0.5655266447756949,1.1695300412167877,0.6040033964410928,0.11355132585000804,-0.013582015696564032,0.04998465507672201,0.047984655076722005,332.92826828791215,7271.151909899959,XRPUSDT vs BTCUSDT,2023
2023-11-09 00:00:00.000,2023-11-13 00:00:00.000,XRPUSDT,BTCUSDT,0.34487294927934065,0.9730091256126342,0.6281361763332935,-0.045084351367073894,-0.03805572786702127,-0.04157003961704758,-0.043570039617047585,-316.80437677591243,6954.347533124046,XRPUSDT vs BTCUSDT,2023
2023-11-13 16:00:00.000,2023-11-17 16:00:00.001,BNBUSDT,SOLUSDT,0.5257013729618666,2.095260069951252,1.5695586969893855,-0.009221435793731025,-0.05042922308825104,-0.029825329440991033,-0.031825329440991035,-221.3244012888161,6733.02313183523,BNBUSDT vs SOLUSDT,2023
2023-11-18 16:00:00.000,2023-11-22 16:00:00.000,BNBUSDT,BTCUSDT,-0.9480516221292147,0.2873467693816779,1.2353983915108926,-0.03340830096094871,-0.02021705933682383,-0.02681268014888627,-0.02881268014888627,-193.996441932621,6539.026689902609,BNBUSDT vs BTCUSDT,2023
2023-11-23 08:00:00.000,2023-11-27 08:00:00.001,BNBUSDT,BTCUSDT,-0.8957198882593197,0.1946885346669968,1.0904084229263165,-0.052521990396464546,0.016996401674759687,-0.01776279436085243,-0.01976279436085243,-129.22943979267083,6409.797250109938,BNBUSDT vs BTCUSDT,2023
2023-11-28 00:00:00.000,2023-12-02 00:00:00.000,XRPUSDT,BNBUSDT,-0.27175751651796126,0.7201473329675657,0.9919048494855269,0.01672739317654859,-0.004968998724770302,0.005879197225889143,0.0038791972258891434,24.864867711138334,6434.662117821077,XRPUSDT vs BNBUSDT,2023
2023-12-02 16:00:00.000,2023-12-06 16:00:00.000,BTCUSDT,SOLUSDT,-1.1234527132657803,1.9156070272410786,3.039059740506859,0.12859754195359785,0.000533023210738004,0.06456528258216793,0.06256528258216792,402.5864537222468,6837.248571543324,BTCUSDT vs SOLUSDT,2023
2023-12-07 08:00:00.000,2023-12-11 08:00:00.000,SOLUSDT,XRPUSDT,-0.2872883760421202,0.6609274929461453,0.9482158689882655,0.09285962199854869,0.044088176352705566,0.06847389917562713,0.06647389917562713,454.49857218347154,7291.747143726796,SOLUSDT vs XRPUSDT,2023
2023-12-12 08:00:00.000,2023-12-16 08:00:00.000,BNBUSDT,SOLUSDT,-1.3831061055570248,0.6891602670770498,2.0722663726340746,-0.016729218238441312,-0.07499651762083848,-0.045862867929639894,-0.047862867929639896,-349.0039305165246,6942.743213210271,BNBUSDT vs SOLUSDT,2023
2023-12-17 00:00:00.000,2023-12-21 00:00:00.000,BNBUSDT,XRPUSDT,-1.3946981342925218,0.06790282610525122,1.462600960397773,0.06708715596330284,0.005800837898807698,0.03644399693105527,0.034443996931055265,239.13582592891936,7181.87903913919,BNBUSDT vs XRPUSDT,2023
2023-12-21 16:00:00.000,2023-12-25 16:00:00.000,BNBUSDT,BTCUSDT,-2.4493434770368814,3.493096257429481,5.942439734466362,-0.017688679245283057,0.005604489063493867,-0.006042095090894595,-0.008042095090894595,-57.757354164060075,7124.12168497513,BNBUSDT vs BTCUSDT,2023
2023-12-26 08:00:00.000,2023-12-30 08:00:00.000,BNBUSDT,BTCUSDT,-0.04121148796955288,4.896915022614,4.938126510583554,0.16633060820471468,0.009075041998939049,0.08770282510182686,0.08570282510182686,610.5573547715557,7734.679039746686,BNBUSDT vs BTCUSDT,2023
2023-12-31 00:00:00.000,2024-01-04 00:00:00.000,BNBUSDT,BTCUSDT,-1.6273326377579358,2.0713064678550372,3.698639105612973,0.004862799583188693,-0.014243271376169764,-0.0046902358964905355,-0.0066902358964905356,-51.746827359546224,7682.93221238714,BNBUSDT vs BTCUSDT,2023
2024-01-04 16:00:00.000,2024-01-08 16:00:00.000,XRPUSDT,BNBUSDT,-0.8555445495527548,-0.011898072861951587,0.8436464766908033,-0.013661202185792365,0.049014084507042366,0.017676441160625,0.015676441160625,120.44103476855744,7803.373247155697,XRPUSDT vs BNBUSDT,2024
2024-01-09 08:00:00.000,2024-01-13 08:00:00.000,XRPUSDT,BNBUSDT,-0.8555445495527552,0.29912821676021867,1.1546727663129739,0.00489938757655306,0.006895872327849384,0.005897629952201222,0.003897629952201222,30.414661296319753,7833.787908452016,XRPUSDT vs BNBUSDT,2024
2024-01-14 00:00:00.000,2024-01-18 00:00:00.001,XRPUSDT,BNBUSDT,-0.8163481776585929,0.7576358326867458,1.5739840103453386,-0.010786360473208023,-0.030063500463024084,-0.020424930468116054,-0.022424930468116056,-175.67214914900478,7658.115759303011,XRPUSDT vs BNBUSDT,2024
2024-01-18 16:00:00.000,2024-01-22 16:00:00.000,XRPUSDT,BNBUSDT,-0.703185551001932,0.748220409177154,1.451405960179086,-0.0618776671408251,0.028712997077880664,-0.016582335031472217,-0.01858233503147222,-142.3056727491658,7515.810086553845,XRPUSDT vs BNBUSDT,2024
2024-01-23 08:00:00.000,2024-01-27 08:00:00.000,XRPUSDT,BNBUSDT,-0.6539199069529217,-0.04319664056073028,0.6107232663921914,0.013777267508610969,0.013896555082957285,0.013836911295784127,0.011836911295784127,88.96397731049748,7604.774063864343,XRPUSDT vs BNBUSDT,2024
2024-01-28 00:00:00.000,2024-02-01 00:00:00.000,BTCUSDT,BNBUSDT,-0.7053534656190249,0.8913575823336529,1.5967110479526778,0.0019001382350565255,0.024764459565558727,0.013332298900307626,0.011332298900307626,86.17957276101785,7690.953636625361,BTCUSDT vs BNBUSDT,2024
2024-02-01 16:00:00.002,2024-02-05 16:00:00.000,ETHUSDT,BNBUSDT,-0.6629829028037929,0.8090750106843544,1.4720579134881473,0.0054800746408889545,-0.004268801067200068,0.0006056367868444434,-0.0013943632131555566,-10.723982824995351,7680.229653800365,ETHUSDT vs BNBUSDT,2024
2024-02-06 08:00:00.001,2024-02-10 08:00:00.000,ETHUSDT,BNBUSDT,-0.7104816634986406,0.7367254818882497,1.4472071453868902,0.07023494765804683,-0.06377897913833719,0.0032279842598548214,0.0012279842598548214,9.431201126937092,7689.660854927301,ETHUSDT vs BNBUSDT,2024
2024-02-11 00:00:00.000,2024-02-15 00:00:00.000,BNBUSDT,BTCUSDT,-1.326374310926853,-0.09430587472412025,1.2320684362027328,0.06993613987227976,-0.08526248308284079,-0.0076631716052805166,-0.009663171605280517,-74.3065124275706,7615.354342499731,BNBUSDT vs BTCUSDT,2024
2024-02-15 16:00:00.000,2024-02-19 16:00:00.000,BTCUSDT,XRPUSDT,0.33343387630424814,9.152434785771119,8.81900090946687,-0.0029787217666051857,-0.02925045703839113,-0.01611458940249816,-0.01811458940249816,-137.94901706891397,7477.405325430816,BTCUSDT vs XRPUSDT,2024
2024-02-20 08:00:00.000,2024-02-24 08:00:00.001,BTCUSDT,ETHUSDT,0.2111687728263819,7.129558218741884,6.918389445915501,-0.014355339970541281,-0.011353529548595365,-0.012854434759568323,-0.014854434759568323,-111.0726295774608,7366.332695853355,BTCUSDT vs ETHUSDT,2024
2024-02-25 00:00:00.001,2024-02-29 00:00:00.000,BNBUSDT,XRPUSDT,-1.852480253693934,2.289579428246479,4.142059681940413,0.08951661552180878,-0.08947561422808947,2.0500646859655802e-05,-0.0019794993531403442,-14.581650806458285,7351.751045046897,BNBUSDT vs XRPUSDT,2024
2024-02-29 16:00:00.000,2024-03-04 16:00:00.000,BNBUSDT,XRPUSDT,2.4142495361178855,5.704746830678663,3.2904972945607773,0.027095287136481794,-0.0685563612392881,-0.020730537051403153,-0.022730537051403155,-167.10924952213037,7184.641795524767,BNBUSDT vs XRPUSDT,2024
2024-03-05 08:00:00.000,2024-03-09 08:00:00.001,ETHUSDT,SOLUSDT,1.3206753073732513,1.985015490399686,0.6643401830264346,0.06586188145731375,-0.13546963372196186,-0.03480387613232405,-0.036803876132324054,-264.4226666976118,6920.219128827155,ETHUSDT vs SOLUSDT,2024
2024-03-10 00:00:00.000,2024-03-14 00:00:00.001,BNBUSDT,XRPUSDT,-0.30616917943855243,1.1575782609408736,1.463747440379426,0.24394541654714574,-0.09796970673541727,0.07298785490586424,0.07098785490586423,491.2515114339683,7411.470640261124,BNBUSDT vs XRPUSDT,2024
2024-03-14 16:00:00.000,2024-03-18 16:00:00.001,SOLUSDT,XRPUSDT,0.5659577831868258,1.433328662478187,0.8673708792913611,0.16918115652624865,0.035548917102315114,0.10236503681428188,0.10036503681428188,743.8525236577769,8155.323163918901,SOLUSDT vs XRPUSDT,2024
2024-03-19 08:00:00.000,2024-03-23 08:00:00.000,SOLUSDT,BNBUSDT,-0.708389821046626,0.36567245579150987,1.0740622768381358,-0.05892018149112688,-0.06167201358746954,-0.06029609753929821,-0.06229609753929821,-508.04480728398994,7647.278356634911,SOLUSDT vs BNBUSDT,2024
2024-03-24 00:00:00.000,2024-03-28 00:00:00.000,SOLUSDT,BNBUSDT,-0.9341593467043464,-0.06286998522840169,0.8712893614759447,0.08550536688165078,-0.07016209363397619,0.007671636623837297,0.005671636623837297,43.37258400016886,7690.65094063508,SOLUSDT vs BNBUSDT,2024
2024-03-28 16:00:00.000,2024-04-01 16:00:00.000,XRPUSDT,BNBUSDT,-0.2224194585692738,1.1247724300569946,1.3471918886262684,-0.01861659444711916,0.015474482475917317,-0.001571055985600922,-0.003571055985600922,-27.46374507472226,7663.187195560357,XRPUSDT vs BNBUSDT,2024
2024-04-02 08:00:00.015,2024-04-06 08:00:00.000,BTCUSDT,BNBUSDT,-1.1595938985654537,-0.24368113730149102,0.9159127612639627,0.0239175741390667,-0.04254520763347869,-0.009313816747205994,-0.011313816747205994,-86.6998956301053,7576.487299930252,BTCUSDT vs BNBUSDT,2024
2024-04-07 08:00:00.000,2024-04-11 08:00:00.000,BNBUSDT,BTCUSDT,-1.6436302345976308,-1.1401852121938831,0.5034450224037477,0.028523203873563663,-0.009782707414011993,0.009370248229775835,0.007370248229775835,55.84059211023004,7632.327892040483,BNBUSDT vs BTCUSDT,2024
2024-04-12 00:00:00.000,2024-04-16 00:00:00.001,ETHUSDT,BNBUSDT,-1.055618253033549,0.260109304451992,1.315727557485541,-0.11372780659852422,0.09041911217657284,-0.01165434721097569,-0.01365434721097569,-104.21445506593494,7528.113436974548,ETHUSDT vs BNBUSDT,2024
2024-04-16 16:00:00.000,2024-04-20 16:00:00.000,BNBUSDT,BTCUSDT,-2.5283309972252113,-0.8897276912341441,1.6386033059910672,0.08627421105757316,-0.05098041756006566,0.01764689674875375,0.015646896748753747,117.79161366124644,7645.905050635794,BNBUSDT vs BTCUSDT,2024
2024-04-21 08:00:00.000,2024-04-25 08:00:00.000,BTCUSDT,BNBUSDT,-1.1849550267315387,-0.07528647437762122,1.1096685523539176,-0.01563666299082478,-0.054043324415292915,-0.03483999370305885,-0.03683999370305885,-281.6750939196085,7364.229956716186,BTCUSDT vs BNBUSDT,2024
2024-04-26 00:00:00.001,2024-04-30 00:00:00.000,BNBUSDT,ETHUSDT,-1.5463652452956151,-0.4324522421527056,1.1139130031429096,-0.023654439492629464,-0.00038675644488406213,-0.012020597968756763,-0.014020597968756763,-103.25090757259267,7260.979049143593,BNBUSDT vs ETHUSDT,2024
2024-05-01 00:00:00.000,2024-05-05 00:00:00.000,BNBUSDT,BTCUSDT,-1.648850913754303,-0.2539145120143696,1.3949364017399335,0.01190888319601191,-0.05021994618408221,-0.01915553149403515,-0.02115553149403515,-153.6098709516867,7107.369178191907,BNBUSDT vs BTCUSDT,2024
2024-05-05 16:00:00.000,2024-05-09 16:00:00.000,BTCUSDT,ETHUSDT,-0.9524317680148612,-0.2391219024128536,0.7133098656020076,-0.020932294586330946,0.03935639489978093,0.009212050156724993,0.0072120501567249935,51.25870299548133,7158.627881187388,BTCUSDT vs ETHUSDT,2024
2024-05-10 08:00:00.000,2024-05-14 08:00:00.000,BTCUSDT,BNBUSDT,-0.8089936659318306,0.6337145505274837,1.4427082164593144,-0.020679166045504016,0.04437347676275327,0.011847155358624628,0.009847155358624628,70.49212090063405,7229.120002088022,BTCUSDT vs BNBUSDT,2024
2024-05-15 00:00:00.000,2024-05-19 00:00:00.000,BNBUSDT,XRPUSDT,-3.5441468696192007,0.4408905109741606,3.9850373805933614,0.023209432030781185,-0.04079999999999995,-0.008795283984609381,-0.010795283984609381,-78.04040338136016,7151.079598706662,BNBUSDT vs XRPUSDT,2024
2024-05-19 16:00:00.000,2024-05-23 16:00:00.000,ETHUSDT,BNBUSDT,-1.0096605689718001,0.758498148819446,1.7681587177912461,0.23037312996157544,-0.03824644631819507,0.09606334182169018,0.09406334182169018,672.6544446872598,7823.734043393922,ETHUSDT vs BNBUSDT,2024
2024-05-25 00:00:00.000,2024-05-29 00:00:00.001,BNBUSDT,BTCUSDT,0.7106526082531617,1.2110144417821236,0.5003618335289619,-0.0034801432020646894,0.008608421789338516,0.0025641392936369134,0.0005641392936369134,4.413675796843319,7828.147719190765,BNBUSDT vs BTCUSDT,2024
2024-05-29 16:00:00.000,2024-06-02 16:00:00.000,ETHUSDT,SOLUSDT,0.7607440141587102,1.6266675465518157,0.8659235323931055,0.0055673220782188615,0.03217372745704827,0.018870524767633567,0.016870524767633566,132.06495998130202,7960.2126791720675,ETHUSDT vs SOLUSDT,2024
2024-06-03 08:00:00.000,2024-06-07 08:00:00.000,XRPUSDT,BNBUSDT,0.3522087876844484,1.1414286223549464,0.7892198346704979,0.0057548436600805,-0.11895679376885382,-0.05660097505438666,-0.05860097505438666,-466.4762246397747,7493.736454532293,XRPUSDT vs BNBUSDT,2024
2024-06-08 00:00:00.000,2024-06-12 00:00:00.000,BNBUSDT,XRPUSDT,0.28139148969354905,3.4627832392546556,3.1813917495611066,-0.10133189081711724,0.03607214428857719,-0.032629873264270026,-0.03462987326427003,-259.5071436962935,7234.229310835999,BNBUSDT vs XRPUSDT,2024
2024-06-12 16:00:00.000,2024-06-16 16:00:00.000,ETHUSDT,BTCUSDT,-0.02825645597910023,0.5265927951004165,0.5548492510795167,0.0014788769380889022,0.04422839771716991,0.022853637327629406,0.020853637327629404,150.85999439308034,7385.089305229079,ETHUSDT vs BTCUSDT,2024
2024-06-17 08:00:00.000,2024-06-21 08:00:00.000,ETHUSDT,BTCUSDT,-0.13095129921979382,0.3939881769855019,0.5249394762052957,-0.016899568359908468,0.03674224042402341,0.00992133603205747,0.00792133603205747,58.49977401347338,7443.5890792425525,ETHUSDT vs BTCUSDT,2024
2024-06-22 00:00:00.000,2024-06-26 00:00:00.002,XRPUSDT,BTCUSDT,-1.2793031603343412,0.3479309193641467,1.6272340796984879,-0.03191489361702127,0.03772060738474292,0.002902856883860827,0.000902856883860827,6.720495640825414,7450.3095748833775,XRPUSDT vs BTCUSDT,2024
2024-06-26 16:00:00.000,2024-06-30 16:00:00.000,BNBUSDT,BTCUSDT,-0.5441900629135878,0.30140175789983265,0.8455918208134205,0.01776543339272596,-0.021360935865120334,-0.001797751236197187,-0.003797751236197187,-28.294422398065088,7422.015152485313,BNBUSDT vs BTCUSDT,2024
2024-07-01 08:00:00.000,2024-07-05 08:00:00.000,BNBUSDT,BTCUSDT,-0.5336429527083827,0.14119598830514665,0.6748389410135294,-0.15369234187274627,0.1047648402367799,-0.024463750817983188,-0.02646375081798319,-196.41435956266682,7225.600792922646,BNBUSDT vs BTCUSDT,2024
2024-07-06 00:00:00.000,2024-07-10 00:00:00.000,SOLUSDT,BNBUSDT,-4.0059195499530285,-0.49605271496338177,3.509866834989647,0.07379205006891931,-0.050067332623158656,0.011862358722880328,0.009862358722880328,71.26146700813167,7296.862259930778,SOLUSDT vs BNBUSDT,2024
2024-07-10 16:00:00.000,2024-07-14 16:00:00.000,ETHUSDT,XRPUSDT,-2.3676467107973003,0.1552710292744167,2.522917740071717,0.039352719698790395,-0.20166320166320162,-0.08115524098220561,-0.08315524098220561,-606.7723396385053,6690.089920292273,ETHUSDT vs XRPUSDT,2024
2024-07-15 08:00:00.000,2024-07-19 08:00:00.000,BTCUSDT,XRPUSDT,-1.7714568121068441,0.31050562115303115,2.0819624332598754,0.04736683748274739,-0.06072034697341122,-0.006676754745331914,-0.008676754745331914,-58.04826946259319,6632.041650829679,BTCUSDT vs XRPUSDT,2024
2024-07-20 00:00:00.001,2024-07-24 00:00:00.000,XRPUSDT,ETHUSDT,-1.514752584331708,0.7172591065983618,2.2320116909300696,0.05183246073298431,0.016115676521480937,0.03397406862723262,0.03197406862723262,212.0533548822933,6844.095005711973,XRPUSDT vs ETHUSDT,2024
2024-07-24 16:00:00.000,2024-07-28 16:00:00.001,BNBUSDT,BTCUSDT,-0.1338005784107874,0.7717868632470006,0.905587441657788,0.0014227433233913178,-0.031134080458553814,-0.014855668567581248,-0.01685566856758125,-115.36179706131911,6728.733208650653,BNBUSDT vs BTCUSDT,2024
2024-07-29 08:00:00.000,2024-08-02 08:00:00.001,SOLUSDT,BTCUSDT,-0.5632947855551654,0.38793686360397905,0.9512316491591445,-0.18548273871737664,0.08800109335999595,-0.04874082267869034,-0.050740822678690345,-341.4214585923579,6387.311750058295,SOLUSDT vs BTCUSDT,2024
2024-08-03 00:00:00.000,2024-08-07 00:00:00.000,ETHUSDT,BTCUSDT,-1.466364006038322,0.7919755155229733,2.2583395215612954,-0.1600749640239616,0.07457261030159212,-0.042751176861184736,-0.04475117686118474,-285.8397177943822,6101.472032263912,ETHUSDT vs BTCUSDT,2024
2024-08-07 16:00:00.000,2024-08-11 16:00:00.001,BTCUSDT,BNBUSDT,-3.301589055831147,-0.11273245109238518,3.188856604738762,0.046831135383484934,-0.04776169079713766,-0.0004652777068263614,-0.0024652777068263614,-15.041822979964756,6086.430209283948,BTCUSDT vs BNBUSDT,2024
2024-08-12 08:00:00.000,2024-08-16 08:00:00.000,BTCUSDT,SOLUSDT,-1.043048766517097,0.8848132221631022,1.9278619886801993,-0.010308645449103926,0.05473721746763216,0.022214286009264117,0.020214286009264115,123.03284102589097,6209.463050309839,BTCUSDT vs SOLUSDT,2024
2024-08-17 00:00:00.000,2024-08-21 00:00:00.001,BNBUSDT,XRPUSDT,-5.101380681072589,0.30416637115262996,5.405547052225219,0.07954261073786739,-0.06141285055023071,0.00906488009381834,0.007064880093818339,43.869111897434486,6253.3321622072735,BNBUSDT vs XRPUSDT,2024
2024-08-21 16:00:00.001,2024-08-25 16:00:00.000,BTCUSDT,BNBUSDT,-0.7582199343646879,0.030681130113678515,0.7889010644783665,0.07908260613019213,-0.034770213456992716,0.02215619633659971,0.020156196336599708,126.04339081942338,6379.375553026697,BTCUSDT vs BNBUSDT,2024
2024-08-26 08:00:00.001,2024-08-30 08:00:00.000,XRPUSDT,BNBUSDT,-3.469444701472864,0.2399693015542848,3.709414003027149,-0.07852698839751127,0.06832342364795096,-0.0051017823747801505,-0.0071017823747801506,-45.30493686458837,6334.070616162109,XRPUSDT vs BNBUSDT,2024
2024-08-31 00:00:00.000,2024-09-04 00:00:00.000,SOLUSDT,BNBUSDT,-1.761799559523839,0.2517134581897043,2.013513017713543,-0.05568405101471119,0.046111287639483356,-0.0047863816876139165,-0.0067863816876139165,-42.98542083757594,6291.085195324533,SOLUSDT vs BNBUSDT,2024
2024-09-04 16:00:00.000,2024-09-08 16:00:00.000,ETHUSDT,BNBUSDT,-0.8300799803426925,0.25920846131325137,1.0892884416559439,-0.06437993862755564,0.011437555271691213,-0.026471191677932215,-0.028471191677932217,-179.1146924582864,6111.9705028662465,ETHUSDT vs BNBUSDT,2024
2024-09-09 08:00:00.000,2024-09-13 08:00:00.001,BTCUSDT,SOLUSDT,-1.7784448587341237,0.39496321984189686,2.1734080785760206,0.08526729645606945,-0.05677095828077472,0.014248169087647367,0.012248169087647367,74.8604481778189,6186.830951044066,BTCUSDT vs SOLUSDT,2024
2024-09-14 00:00:00.000,2024-09-18 00:00:00.000,BTCUSDT,ETHUSDT,-0.514514792956115,0.9485973359441595,1.4631121289002746,-0.0008683972859689915,0.04491501788233743,0.022023310298184218,0.020023310298184216,123.88083589516549,6310.711786939231,BTCUSDT vs ETHUSDT,2024
2024-09-18 16:00:00.004,2024-09-22 16:00:00.000,BNBUSDT,BTCUSDT,-1.7634293205749472,0.4746365183245469,2.238065838899494,0.09434839189440414,-0.07000493265162855,0.012171729621387795,0.010171729621387795,64.19085401525088,6374.902640954482,BNBUSDT vs BTCUSDT,2024
2024-09-23 08:00:00.000,2024-09-27 08:00:00.000,SOLUSDT,BTCUSDT,-1.2336058138886201,1.3885908199406671,2.6221966338292875,0.09336469099636213,-0.03863513639032812,0.027364777303017007,0.025364777303017005,161.6979858162254,6536.600626770708,SOLUSDT vs BTCUSDT,2024
2024-09-28 00:00:00.000,2024-10-02 00:00:00.000,BTCUSDT,SOLUSDT,0.30974617474789484,1.5373338052278014,1.2275876304799065,-0.06155179887299522,0.06294141162883671,0.0006948063779207425,-0.0013051936220792575,-8.531529448140406,6528.069097322567,BTCUSDT vs SOLUSDT,2024
2024-10-02 16:00:00.000,2024-10-06 16:00:00.000,XRPUSDT,BTCUSDT,-0.5419095764812945,1.4206065989187573,1.9625161754000517,-0.08695652173913049,-0.01545107133789081,-0.05120379653851065,-0.05320379653851065,-347.31806004328877,6180.7510372792785,XRPUSDT vs BTCUSDT,2024
2024-10-07 08:00:00.000,2024-10-11 08:00:00.000,XRPUSDT,BTCUSDT,-0.42266355408292106,0.5380940670281081,0.9607576211110291,-0.003704389701796651,0.020341710504976462,0.008318660401589906,0.006318660401589906,39.05406683134231,6219.805104110621,XRPUSDT vs BTCUSDT,2024
2024-10-12 00:00:00.000,2024-10-16 00:00:00.000,SOLUSDT,BNBUSDT,-1.9642539388334168,0.3012498304665537,2.2655037692999707,0.05575758409008125,-0.030866564417177944,0.012445509836451651,0.010445509836451651,64.96903539579968,6284.77413950642,SOLUSDT vs BNBUSDT,2024
2024-10-16 16:00:00.000,2024-10-20 16:00:00.000,SOLUSDT,ETHUSDT,-0.3858519381985915,1.2460890386060683,1.6319409768046598,0.07568748393729119,-0.053815168603982055,0.010936157666654567,0.008936157666654567,56.16173260994265,6340.9358721163635,SOLUSDT vs ETHUSDT,2024
2024-10-21 08:00:00.000,2024-10-25 08:00:00.000,BNBUSDT,BTCUSDT,0.27973037621938357,1.2493842508878807,0.9696538746684972,-0.03203676349909734,0.012532235443152517,-0.009752264027972413,-0.011752264027972413,-74.52035255355302,6266.415519562811,BNBUSDT vs BTCUSDT,2024
2024-10-26 00:00:00.000,2024-10-30 00:00:00.000,SOLUSDT,BTCUSDT,-0.5725765492314825,1.0510819735732866,1.623658522804769,0.08433954250348896,-0.08373648232069808,0.00030153009139544107,-0.001698469908604559,-10.643318194790037,6255.77220136802,SOLUSDT vs BTCUSDT,2024
2024-10-30 16:00:00.013,2024-11-03 16:00:00.000,XRPUSDT,BNBUSDT,0.48427486066210845,1.9316020530139832,1.447327192351875,-0.03935052531041061,0.06619567401058069,0.013422574350085037,0.011422574350085037,71.45702308732136,6327.229224455342,XRPUSDT vs BNBUSDT,2024
2024-11-04 08:00:00.000,2024-11-08 08:00:00.000,SOLUSDT,BTCUSDT,-0.41303430594524854,0.7430654283185728,1.1560997342638213,0.2461099745831008,-0.11402603460590965,0.06604196998859557,0.06404196998859557,405.20822410353384,6732.437448558876,SOLUSDT vs BTCUSDT,2024
2024-11-09 00:00:00.000,2024-11-13 00:00:00.000,XRPUSDT,BNBUSDT,0.4058036481665335,1.490732333469445,1.0849286853029114,0.19332129963898903,-0.01646661540004679,0.08842734211947112,0.08642734211947112,581.8666746645372,7314.304123223414,XRPUSDT vs BNBUSDT,2024
2024-11-13 16:00:00.000,2024-11-17 16:00:00.001,XRPUSDT,ETHUSDT,-0.04284491403098943,3.39126307127398,3.434107985304969,0.4790410766858262,0.07063903020787732,0.27484005344685175,0.27284005344685175,1995.6351279068042,9309.939251130218,XRPUSDT vs ETHUSDT,2024
2024-11-18 08:00:00.000,2024-11-22 08:00:00.000,BNBUSDT,SOLUSDT,-0.3299543675825546,1.4328624044846867,1.7628167720672412,-0.0034283709656843797,-0.059246108748606474,-0.03133723985714543,-0.03333723985714543,-310.36767787038093,8999.571573259836,BNBUSDT vs SOLUSDT,2024
2024-11-23 00:00:00.000,2024-11-27 00:00:00.000,XRPUSDT,BNBUSDT,-0.3442806425231967,1.899532911007892,2.243813553531089,-0.042268810638442234,0.017395147669334365,-0.012436831484553934,-0.014436831484553934,-129.92529823633419,8869.646275023502,XRPUSDT vs BNBUSDT,2024
2024-11-27 16:00:00.001,2024-12-01 16:00:00.000,XRPUSDT,ETHUSDT,-0.40607350091706296,0.7118363369395243,1.1179098378565873,0.5330437687938523,-0.043928811528324285,0.244557478632764,0.242557478632764,2151.399036834188,11021.04531185769,XRPUSDT vs ETHUSDT,2024
2024-12-02 08:00:00.001,2024-12-06 08:00:00.000,BTCUSDT,XRPUSDT,1.5907554178179115,2.4663556669383704,0.8756002491204589,0.03440790809288563,0.04500225216002629,0.03970508012645596,0.03770508012645596,415.549396560896,11436.594708418586,BTCUSDT vs XRPUSDT,2024
2024-12-07 00:00:00.000,2024-12-11 00:00:00.000,BTCUSDT,ETHUSDT,-0.5328390953166047,0.9485061165507112,1.4813452118673158,-0.024694772175045787,0.08735678140813397,0.03133100461654409,0.029331004616544087,335.4468121901692,11772.041520608756,BTCUSDT vs ETHUSDT,2024
2024-12-12 00:00:00.001,2024-12-16 00:00:00.000,XRPUSDT,BTCUSDT,-1.1994224015741348,-0.5966983617322894,0.6027240398418454,0.0041356838499457815,-0.037923044287066165,-0.016893680218560192,-0.018893680218560194,-222.41718800999493,11549.624332598762,XRPUSDT vs BTCUSDT,2024
2024-12-16 16:00:00.000,2024-12-20 16:00:00.014,ETHUSDT,BNBUSDT,-0.8474913111113297,-0.17442173952613524,0.6730695715851944,-0.11910399805084548,0.05652609324579949,-0.031288952402522996,-0.033288952402523,-384.47489467490163,11165.14943792386,ETHUSDT vs BNBUSDT,2024
2024-12-21 08:00:00.000,2024-12-25 08:00:00.000,SOLUSDT,XRPUSDT,-2.8146629935671204,-0.48601170726157816,2.328651286305542,-0.002817893624515677,0.031702860056946114,0.014442483216215218,0.012442483216215218,138.9221844879024,11304.071622411762,SOLUSDT vs XRPUSDT,2024
2024-12-26 00:00:00.000,2024-12-30 00:00:00.000,ETHUSDT,BTCUSDT,-1.6616723069831405,-0.5027727075607716,1.158899599422369,-0.0198356280376345,0.05726225503020754,0.01871331349628652,0.01671331349628652,188.92849280984396,11493.000115221606,ETHUSDT vs BTCUSDT,2024
2024-12-30 16:00:00.000,2025-01-03 16:00:00.000,BNBUSDT,SOLUSDT,-1.3579906755855722,-0.5365879731069725,0.8214027024785997,0.030042053113658707,-0.1638626288522138,-0.06691028786927755,-0.06891028786927755,-791.985946421561,10701.014168800046,BNBUSDT vs SOLUSDT,2024
2025-01-04 08:00:00.000,2025-01-08 08:00:00.000,SOLUSDT,XRPUSDT,-1.3104842216574493,-0.1923589145750215,1.1181253070824277,-0.08734592124093998,0.05609845851903339,-0.015623731360953297,-0.0176237313609533,-188.59179900068696,10512.422369799358,SOLUSDT vs XRPUSDT,2025
2025-01-09 00:00:00.000,2025-01-13 00:00:00.000,SOLUSDT,XRPUSDT,-0.8699931320978755,-0.11875003227735156,0.751243099820524,-0.07589805948219086,-0.03764438074361354,-0.0567712201129022,-0.0587712201129022,-617.8278890152751,9894.594480784082,SOLUSDT vs XRPUSDT,2025
2025-01-13 16:00:00.000,2025-01-17 16:00:00.008,BNBUSDT,XRPUSDT,-2.423117476581418,-0.15393302232062428,2.2691844542607935,0.06712282205506392,-0.3350235275028397,-0.1339503527238879,-0.1359503527238879,-1345.1736097224305,8549.420871061651,BNBUSDT vs XRPUSDT,2025
2025-01-18 08:00:00.007,2025-01-22 08:00:00.000,BTCUSDT,SOLUSDT,-0.614684317191575,1.0278912229216177,1.6425755401131927,0.01320184352959819,-0.10480649456638447,-0.04580232551839314,-0.04780232551839314,-408.68219947223326,8140.738671589418,BTCUSDT vs SOLUSDT,2025
2025-01-23 00:00:00.001,2025-01-27 00:00:00.000,BNBUSDT,SOLUSDT,0.21678939494760915,0.7353161501439899,0.5185267551963807,-0.07057876889476411,0.11627997357273334,0.022850602338984616,0.020850602338984614,169.73930478690482,8310.477976376324,BNBUSDT vs SOLUSDT,2025
2025-01-27 16:00:00.000,2025-01-31 16:00:00.000,ETHUSDT,XRPUSDT,-2.144411649630261,0.49732820104505293,2.641739850675314,0.053466750105362726,-0.02704074725869776,0.013213001423332482,0.011213001423332482,93.18540137768096,8403.663377754005,ETHUSDT vs XRPUSDT,2025
2025-02-01 08:00:00.000,2025-02-05 08:00:00.001,XRPUSDT,BNBUSDT,-3.0212323209550416,0.241836148528449,3.2630684694834904,-0.17462046204620452,0.15471742869003147,-0.009951516678086525,-0.011951516678086525,-100.43652301625193,8303.226854737753,XRPUSDT vs BNBUSDT,2025
2025-02-06 00:00:00.001,2025-02-10 00:00:00.000,XRPUSDT,BNBUSDT,-2.3509333309083336,0.1720016879304994,2.522935018838833,0.010126901420287604,-0.0674721646587757,-0.02867263161924405,-0.03067263161924405,-254.68181856638554,8048.545036171368,XRPUSDT vs BNBUSDT,2025
2025-02-10 16:00:00.000,2025-02-14 16:00:00.000,SOLUSDT,BTCUSDT,-0.2429671168965868,0.6398257061747573,0.8827928230713441,-0.01798383918013402,-0.0026484832957258675,-0.010316161237929944,-0.012316161237929944,-99.12717839622727,7949.417857775141,SOLUSDT vs BTCUSDT,2025
2025-02-15 08:00:00.000,2025-02-19 08:00:00.000,BTCUSDT,SOLUSDT,-1.7422408777778071,0.8244551845766889,2.566696062354496,-0.014561350865871181,0.13342187260560867,0.059430260869868745,0.05743026086986874,456.5371413356195,8405.95499911076,BTCUSDT vs SOLUSDT,2025
2025-02-20 00:00:00.000,2025-02-24 00:00:00.000,XRPUSDT,BTCUSDT,-1.8188611799987335,0.7917130286511004,2.610574208649834,-0.0889749963444948,0.007905968970339905,-0.040534513687077445,-0.042534513687077447,-357.5432079626337,8048.411791148126,XRPUSDT vs BTCUSDT,2025
2025-02-24 16:00:00.000,2025-02-28 16:00:00.000,XRPUSDT,BTCUSDT,-0.9123845995827441,0.2748626211652523,1.1872472207479965,-0.11749938266524007,0.10600991135351578,-0.005744735655862143,-0.007744735655862143,-62.33282177196619,7986.07896937616,XRPUSDT vs BTCUSDT,2025
2025-03-01 08:00:00.000,2025-03-05 08:00:00.000,BTCUSDT,SOLUSDT,-1.4936863698135783,1.1576631592068511,2.6513495290204294,0.04256308790752161,0.006387757967148633,0.024475422937335123,0.02247542293733512,179.49050244768657,8165.5694718238465,BTCUSDT vs SOLUSDT,2025
2025-03-06 00:00:00.000,2025-03-10 00:00:00.000,XRPUSDT,BNBUSDT,-1.9626171412679652,0.5081663324952728,2.470783473763238,-0.12627071159849523,0.05609446079743108,-0.03508812540053208,-0.03708812540053208,-302.8456645377593,7862.723807286087,XRPUSDT vs BNBUSDT,2025
2025-03-10 16:00:00.000,2025-03-14 16:00:00.000,SOLUSDT,BNBUSDT,-0.8455544613386234,0.5353543425359607,1.380908803874584,0.09534750143595638,-0.06813554392088417,0.013605978757536108,0.011605978757536108,91.25460548373576,7953.978412769823,SOLUSDT vs BNBUSDT,2025
2025-03-15 08:00:00.000,2025-03-19 08:00:00.000,BTCUSDT,SOLUSDT,-2.498018302553746,1.261939689099607,3.759957991653353,0.010694880849098531,0.004290876242095676,0.007492878545597104,0.005492878545597104,43.690237375645864,7997.668650145469,BTCUSDT vs SOLUSDT,2025
2025-03-20 00:00:00.000,2025-03-24 00:00:00.000,BNBUSDT,SOLUSDT,-0.7889241963460476,1.3905058917194724,2.17943008806552,0.007103329989320617,-0.0260162601626015,-0.009456465086640442,-0.011456465086640442,-91.62501166491036,7906.043638480558,BNBUSDT vs SOLUSDT,2025
2025-03-24 16:00:00.000,2025-03-28 16:00:00.000,BNBUSDT,ETHUSDT,-1.273555874332206,1.7896502029133472,3.063206077245553,-0.018030161272418743,0.09228787958578888,0.03712885915668507,0.035128859156685066,277.73029346278946,8183.773931943348,BNBUSDT vs ETHUSDT,2025
2025-03-29 08:00:00.000,2025-04-02 08:00:00.000,XRPUSDT,BTCUSDT,-2.1415403654112493,0.6600134154341123,2.8015537808453614,0.023854422025268773,-0.036004067095121384,-0.006074822534926305,-0.008074822534926305,-66.0825221663986,8117.691409776949,XRPUSDT vs BTCUSDT,2025
2025-04-03 00:00:00.000,2025-04-07 00:00:00.000,BTCUSDT,XRPUSDT,-0.4879085092732073,1.13001690593241,1.6179254152056175,-0.0897252958413095,0.17003167062549485,0.04015318739209267,0.03815318739209267,309.71580154840086,8427.40721132535,BTCUSDT vs XRPUSDT,2025
2025-04-07 16:00:00.000,2025-04-11 16:00:00.000,ETHUSDT,XRPUSDT,-0.9623958332289463,1.5884020268669894,2.5507978600959356,0.00669863841495566,-0.07912017511077907,-0.036210768347911704,-0.038210768347911706,-322.01770472547355,8105.389506599876,ETHUSDT vs XRPUSDT,2025
2025-04-12 08:00:00.001,2025-04-16 08:00:00.000,ETHUSDT,SOLUSDT,0.19654495037508543,0.9534812907548202,0.7569363403797348,0.00548939749435573,-0.03366623711340222,-0.014088419809523245,-0.016088419809523247,-130.4029091018833,7974.986597497993,ETHUSDT vs SOLUSDT,2025
2025-04-17 00:00:00.001,2025-04-21 00:00:00.000,ETHUSDT,BNBUSDT,-1.2733279883026563,0.6148928005869042,1.8882207888895604,0.04346778132274487,-0.0371215761653052,0.003173102578719833,0.001173102578719833,9.355477342781002,7984.342074840774,ETHUSDT vs BNBUSDT,2025
2025-04-21 16:00:00.003,2025-04-25 16:00:00.003,SOLUSDT,ETHUSDT,-1.3858699865590784,2.138442661353743,3.5243126479128213,0.0904882459312839,-0.09939599383667175,-0.004453873952693921,-0.006453873952693921,-51.52993734621301,7932.812137494561,SOLUSDT vs ETHUSDT,2025
2025-04-26 08:00:00.000,2025-04-30 08:00:00.000,BTCUSDT,BNBUSDT,-3.5220281656506733,0.6526043226574995,4.1746324883081725,-0.006047397376216734,0.009317234392386742,0.0016349185080850037,-0.0003650814919149963,-2.8961228902379053,7929.916014604323,BTCUSDT vs BNBUSDT,2025
2025-05-01 00:00:00.000,2025-05-05 00:00:00.000,ETHUSDT,BNBUSDT,-1.8068910822613249,0.5040652041702143,2.310956286431539,0.018424619709824785,0.012316216351529463,0.015370418030677124,0.013370418030677124,106.02629206342093,8035.942306667745,ETHUSDT vs BNBUSDT,2025
2025-05-05 16:00:00.006,2025-05-09 16:00:00.000,ETHUSDT,XRPUSDT,0.06291755509395656,1.0081492013361575,0.9452316462422009,0.30228759985334475,-0.10861440938549594,0.0968365952339244,0.0948365952339244,762.1014078606177,8798.043714528361,ETHUSDT vs XRPUSDT,2025
2025-05-10 08:00:00.000,2025-05-14 08:00:00.000,BNBUSDT,BTCUSDT,0.432424225685319,1.6942870747142442,1.2618628490289252,-0.014352404405432728,0.0025096002090209124,-0.005921402098205908,-0.007921402098205908,-69.69284194037226,8728.35087258799,BNBUSDT vs BTCUSDT,2025
2025-05-15 00:00:00.000,2025-05-19 00:00:00.000,BTCUSDT,XRPUSDT,0.1427847469465728,0.8135465447223958,0.670761797775823,-0.002813699459008112,0.09598713372298273,0.04658671713198731,0.04458671713198731,389.16851138481525,9117.519383972805,BTCUSDT vs XRPUSDT,2025
2025-05-19 16:00:00.010,2025-05-23 16:00:00.007,SOLUSDT,BTCUSDT,-1.7473032410946945,0.7319995058178439,2.4793027469125386,0.05990614906453762,-0.024164482697714762,0.017870833183411428,0.015870833183411426,144.7026291895525,9262.222013162358,SOLUSDT vs BTCUSDT,2025
2025-05-24 08:00:00.000,2025-05-28 08:00:00.003,XRPUSDT,ETHUSDT,-1.0482187361307596,1.2275189747744149,2.275737710905174,-0.03576017130620979,-0.03157774827361348,-0.033668959789911634,-0.035668959789911636,-330.37382455272257,8931.848188609636,XRPUSDT vs ETHUSDT,2025
2025-05-29 00:00:00.000,2025-06-02 00:00:00.001,XRPUSDT,ETHUSDT,-1.7974421101322773,1.1130844340984807,2.910526544230758,-0.04870001319783557,0.06514699298612148,0.008223489894142955,0.006223489894142955,55.587266937831124,8987.435455547467,XRPUSDT vs ETHUSDT,2025
2025-06-02 16:00:00.000,2025-06-06 16:00:00.006,ETHUSDT,XRPUSDT,0.146915655501049,0.8663240667566935,0.7194084112556445,-0.026686326550673267,-0.00027798369162335135,-0.01348215512114831,-0.01548215512114831,-139.14486986409412,8848.290585683373,ETHUSDT vs XRPUSDT,2025
2025-06-07 08:00:00.000,2025-06-11 08:00:00.000,BTCUSDT,XRPUSDT,-1.4384911547962178,0.8389363459656691,2.277427500761887,0.046569293899556996,-0.06525225679329139,-0.009341481446867195,-0.011341481446867195,-100.35272351401764,8747.937862169356,BTCUSDT vs XRPUSDT,2025
2025-06-12 00:00:00.002,2025-06-16 00:00:00.000,BTCUSDT,SOLUSDT,0.12853432519018418,1.144777689371707,1.0162433641815227,-0.014514719599705739,0.022936350074589718,0.004210815237441989,0.0022108152374419893,19.34007432187971,8767.277936491235,BTCUSDT vs SOLUSDT,2025
2025-06-16 16:00:00.003,2025-06-20 16:00:00.001,BTCUSDT,SOLUSDT,0.09668400919132875,1.1052560458431737,1.008572036651845,-0.038453084982537744,0.1053035143769967,0.03342521469722948,0.031425214697229475,275.51359146452006,9042.791527955755,BTCUSDT vs SOLUSDT,2025
2025-06-21 08:00:00.005,2025-06-25 08:00:00.000,ETHUSDT,BNBUSDT,-2.959428123366589,0.29241067062453613,3.251838793991125,-0.008719384242444228,-0.0017309671584069264,-0.005225175700425577,-0.007225175700425577,-65.33575761180019,8977.455770343955,ETHUSDT vs BNBUSDT,2025
2025-06-26 00:00:00.000,2025-06-30 00:00:00.000,ETHUSDT,XRPUSDT,-0.9761103632305885,0.8477637176303251,1.8238740808609135,0.02579345379931164,-0.0002746121103942567,0.012759420844458691,0.010759420844458691,96.5922247456447,9074.0479950896,ETHUSDT vs XRPUSDT,2025
2025-06-30 16:00:00.002,2025-07-04 16:00:00.001,SOLUSDT,ETHUSDT,-0.25954438548718967,1.0723241639120384,1.3318685493992282,-0.06446092413006288,-0.013470572539760806,-0.03896574833491184,-0.040965748334911845,-371.72516654575196,8702.322828543849,SOLUSDT vs ETHUSDT,2025
2025-07-05 08:00:00.009,2025-07-09 08:00:00.006,SOLUSDT,BNBUSDT,-2.8592007136858655,0.3839001351525236,3.243100848838389,0.041480579239409954,-0.012408123347748434,0.01453622794583076,0.01253622794583076,109.09430263683238,8811.417131180682,SOLUSDT vs BNBUSDT,2025
2025-07-10 00:00:00.003,2025-07-14 00:00:00.000,SOLUSDT,XRPUSDT,-0.21892285449130414,0.9397826249934788,1.1587054794847829,0.06503184713375809,-0.2305899975035366,-0.08277907518488925,-0.08477907518488925,-747.0237954497882,8064.393335730894,SOLUSDT vs XRPUSDT,2025
2025-07-14 16:00:00.000,2025-07-18 16:00:00.000,XRPUSDT,BNBUSDT,0.8483077861629335,2.4192305828319616,1.570922796669028,0.1580339879922661,-0.05409071885237626,0.05197163456994491,0.04997163456994491,402.9909168014433,8467.384252532338,XRPUSDT vs BNBUSDT,2025
2025-07-19 08:00:00.000,2025-07-23 08:00:00.004,BNBUSDT,BTCUSDT,0.21217209406191523,1.4280715404834454,1.2158994464215303,0.07130183168181703,-0.003352946504377563,0.03397444258871973,0.03197444258871973,270.7398916592248,8738.124144191563,BNBUSDT vs BTCUSDT,2025
2025-07-24 00:00:00.000,2025-07-28 00:00:00.005,XRPUSDT,BTCUSDT,0.4395586562993379,1.1990108036546614,0.7594521473553235,0.02750737926270186,-0.0013460990924361038,0.013080640085132877,0.011080640085132877,96.82400866099645,8834.94815285256,XRPUSDT vs BTCUSDT,2025
2025-07-28 16:00:00.000,2025-08-01 16:00:00.000,XRPUSDT,BNBUSDT,0.08813479732134313,1.7988187019138338,1.7106839045924906,-0.06263457884737178,0.09453354686043458,0.0159494840065314,0.0139494840065314,123.24296795675092,8958.19112080931,XRPUSDT vs BNBUSDT,2025
2025-08-02 08:00:00.000,2025-08-06 08:00:00.000,SOLUSDT,XRPUSDT,-1.5657618739372803,0.3585303447488132,1.9242922186860936,0.027924803796313125,-0.0036774538646697774,0.012123674965821674,0.010123674965821674,90.68981518878321,9048.880935998093,SOLUSDT vs XRPUSDT,2025
2025-08-07 00:00:00.003,2025-08-11 00:00:00.000,XRPUSDT,BTCUSDT,-1.6899626041574363,0.339743702642155,2.029706306799591,0.0851618945678354,-0.057366822978745624,0.01389753579454489,0.01189753579454489,107.65938483661219,9156.540320834705,XRPUSDT vs BTCUSDT,2025
2025-08-11 16:00:00.000,2025-08-15 16:00:00.000,XRPUSDT,BNBUSDT,0.31386868864504086,2.5564320606918014,2.2425633720467606,-0.04087422834694765,-0.02526002971768193,-0.03306712903231479,-0.03506712903231479,-321.0935809203037,8835.446739914401,XRPUSDT vs BNBUSDT,2025
2025-08-16 08:00:00.000,2025-08-20 08:00:00.000,SOLUSDT,BTCUSDT,-1.6278558499174016,0.23575464301062485,1.8636104929280264,-0.03211300391492977,0.036180348787749894,0.002033672436410061,3.367243641006108e-05,0.29751101850424916,8835.744250932905,SOLUSDT vs BTCUSDT,2025
2025-08-21 00:00:00.006,2025-08-25 00:00:00.000,BTCUSDT,SOLUSDT,-1.1056799705348193,0.689954940466666,1.795634911001485,-0.024083242500251734,-0.06370748842407803,-0.04389536546216488,-0.04589536546216488,-405.51971152678794,8430.224539406117,BTCUSDT vs SOLUSDT,2025
2025-08-25 16:00:00.002,2025-08-29 16:00:00.005,ETHUSDT,BTCUSDT,-0.908616277281823,0.7097822169768588,1.618398494258682,-0.05458635102628695,0.03397293793059175,-0.0103067065478476,-0.0123067065478476,-103.74829953893477,8326.476239867183,ETHUSDT vs BTCUSDT,2025
2025-08-30 08:00:00.002,2025-09-03 08:00:00.002,XRPUSDT,BTCUSDT,-1.5601324484635406,0.03323738100607482,1.5933698294696155,0.014238773274917849,-0.03413032214525025,-0.0099457744351662,-0.0119457744351662,-99.46620700122418,8227.01003286596,XRPUSDT vs BTCUSDT,2025
2025-09-04 00:00:00.002,2025-09-08 00:00:00.007,BTCUSDT,XRPUSDT,-1.467113058302542,0.04390955499898427,1.5110226133015263,-0.0037909827807167673,-0.02325090576523947,-0.01352094427297812,-0.01552094427297812,-127.69096425334443,8099.3190686126145,BTCUSDT vs XRPUSDT,2025
2025-09-08 16:00:00.000,2025-09-12 16:00:00.005,ETHUSDT,SOLUSDT,-0.6740569439589096,0.8722586726780173,1.5463156166369267,0.07803753930367852,-0.12606410196771645,-0.024013281332018965,-0.026013281332018967,-210.68986552960578,7888.629203083009,ETHUSDT vs SOLUSDT,2025
2025-09-13 08:00:00.002,2025-09-17 08:00:00.000,BTCUSDT,BNBUSDT,-2.669136457908641,2.3890851206593173,5.0582215785679585,0.0009471505545930459,-0.02822881218603146,-0.013640830815719207,-0.01564083081571921,-123.3847147333632,7765.2444883496455,BTCUSDT vs BNBUSDT,2025
2025-09-18 00:00:00.006,2025-09-22 00:00:00.005,XRPUSDT,BNBUSDT,-1.2361205906063732,0.4813928404571374,1.7175134310635107,-0.09033116019590659,-0.033931833550327584,-0.06213149687311709,-0.06413149687311709,-497.996752623585,7267.2477357260605,XRPUSDT vs BNBUSDT,2025
2025-09-22 16:00:00.000,2025-09-26 16:00:00.008,SOLUSDT,BNBUSDT,-1.3946422055025791,0.12416414867481763,1.5188063541773968,-0.07079726238498851,0.03712162189234136,-0.016837820246323576,-0.018837820246323578,-136.89910653110957,7130.348629194951,SOLUSDT vs BNBUSDT,2025
2025-09-27 08:00:00.010,2025-10-01 08:00:00.000,SOLUSDT,XRPUSDT,-2.688293900352834,0.8187466962053187,3.5070405965581526,0.08991434371441298,-0.05762382648106179,0.016145258616675595,0.014145258616675595,100.8606253870209,7231.209254581972,SOLUSDT vs XRPUSDT,2025
2025-10-02 00:00:00.000,2025-10-06 00:00:00.004,ETHUSDT,BTCUSDT,-0.9114938944943884,1.446870925716691,2.3583648202110794,0.04259926136428982,-0.04032239017477557,0.0011384355947571256,-0.0008615644052428744,-6.230152500610687,7224.979102081362,ETHUSDT vs BTCUSDT,2025
2025-10-06 16:00:00.004,2025-10-10 16:00:00.014,SOLUSDT,ETHUSDT,-0.01022640707327251,1.5929370411251702,1.6031634481984427,-0.2033538526852049,0.18223212680144885,-0.010560862941878024,-0.012560862941878024,-90.75197225917694,7134.227129822185,SOLUSDT vs ETHUSDT,2025
2025-10-11 08:00:00.003,2025-10-15 08:00:00.002,SOLUSDT,XRPUSDT,-10.638189194093147,7.4616645992092625,18.099853793302408,0.07942159171824503,-0.00929383453655297,0.03506387859084603,0.03306387859084603,235.88521965996065,7370.112349482146,SOLUSDT vs XRPUSDT,2025
2025-10-16 00:00:00.000,2025-10-20 00:00:00.004,XRPUSDT,SOLUSDT,-1.5480542242500797,0.27566184694035484,1.8237160711904346,0.024733369299082986,0.004129458524750884,0.014431413911916935,0.012431413911916935,91.62091719374315,7461.733266675889,XRPUSDT vs SOLUSDT,2025
2025-10-20 16:00:00.000,2025-10-24 16:00:00.009,BTCUSDT,ETHUSDT,-0.9793486375805749,0.47235507940533533,1.4517037169859102,-0.0010244942347442665,0.01737314283001845,0.008174324297637092,0.006174324297637092,46.07116101092394,7507.804427686813,BTCUSDT vs ETHUSDT,2025
2025-10-25 08:00:00.001,2025-10-29 08:00:00.005,BNBUSDT,XRPUSDT,-1.768971031737566,0.7622684080069381,2.531239439744504,-0.011295776674581037,-0.03301200078693678,-0.02215388873075891,-0.02415388873075891,-181.34267275864636,7326.461754928167,BNBUSDT vs XRPUSDT,2025
2025-10-30 08:00:00.008,2025-11-03 08:00:00.010,ETHUSDT,BNBUSDT,-1.4086009391924823,0.2303137129758496,1.638914652168332,-0.08907899314151935,0.12358002826526415,0.017250517561872403,0.015250517561872403,111.73233365991851,7438.194088588085,ETHUSDT vs BNBUSDT,2025
2025-11-04 00:00:00.002,2025-11-08 00:00:00.011,XRPUSDT,BTCUSDT,-1.1480847710468942,0.34854171993552735,1.4966264909824216,0.005849473547380857,0.03980608950292841,0.022827781525154633,0.02082778152515463,154.9210814188093,7593.115170006894,XRPUSDT vs BTCUSDT,2025
2025-11-08 16:00:00.001,2025-11-12 16:00:00.000,BTCUSDT,ETHUSDT,-0.18121467515730497,1.1349964849418128,1.3162111600991178,-0.000711067575023594,-0.01118882361828244,-0.005949945596653017,-0.007949945596653017,-60.36485251067553,7532.7503174962185,BTCUSDT vs ETHUSDT,2025
2025-11-13 08:00:00.000,2025-11-17 08:00:00.003,XRPUSDT,ETHUSDT,-1.4109684335973107,0.7378171736004211,2.148785607197732,-0.11192889317889321,0.11808908842121923,0.0030800976211630138,0.0010800976211630137,8.136105698742602,7540.886423194961,XRPUSDT vs ETHUSDT,2025
2025-11-18 00:00:00.002,2025-11-22 00:00:00.004,XRPUSDT,BTCUSDT,-0.037174032385767254,0.7838383934676799,0.8210124258534471,-0.09725754983119828,0.08280803473588971,-0.007224757547654281,-0.009224757547654281,-69.56284894837141,7471.3235742465895,XRPUSDT vs BTCUSDT,2025
2025-11-22 16:00:00.000,2025-11-26 16:00:00.000,SOLUSDT,BNBUSDT,-0.4464199642749518,1.1766647285373673,1.623084692812319,0.1250590272312293,-0.0829762179354887,0.0210414046478703,0.019041404647870297,142.26449543240193,7613.588069678992,SOLUSDT vs BNBUSDT,2025
2025-11-27 08:00:00.000,2025-12-01 08:00:00.004,BTCUSDT,SOLUSDT,-1.7439454046640595,1.1156260566273937,2.859571461291453,-0.07345990757584708,0.12960256142548887,0.028071326924820894,0.026071326924820892,198.49634363551704,7812.084413314509,BTCUSDT vs SOLUSDT,2025
2025-12-02 00:00:00.004,2025-12-06 00:00:00.001,ETHUSDT,BNBUSDT,-1.7992083069993117,0.17288132990820881,1.9720896369075205,0.08132319087178463,-0.0708927231807952,0.005215233845494716,0.0032152338454947155,25.117678209550537,7837.20209152406,ETHUSDT vs BNBUSDT,2025
2025-12-06 16:00:00.008,2025-12-10 16:00:00.012,ETHUSDT,BNBUSDT,-1.043350316929704,0.05833267054765237,1.1016829874773564,0.09298707279365814,-0.0036829103974849176,0.04465208119808661,0.04265208119808661,334.2729799734984,8171.475071497558,ETHUSDT vs BNBUSDT,2025
2025-12-11 08:00:00.000,2025-12-15 08:00:00.000,BTCUSDT,BNBUSDT,-0.4993257528627589,0.7788999374659974,1.2782256903287563,-0.035848979234478495,0.008905089281594503,-0.013471944976441996,-0.015471944976441996,-126.42861268257765,8045.046458814981,BTCUSDT vs BNBUSDT,2025
2025-12-16 00:00:00.002,2025-12-20 00:00:00.005,XRPUSDT,SOLUSDT,-1.5824084083834777,0.27309135904289955,1.8554997674263773,0.008752965989981432,0.012527403695584027,0.01064018484278273,0.00864018484278273,69.51068847293607,8114.557147287916,XRPUSDT vs SOLUSDT,2025
2025-12-20 16:00:00.002,2025-12-24 16:00:00.000,BTCUSDT,BNBUSDT,-0.7861038398005535,0.98175089617674,1.7678547359772936,-0.005754840612926748,0.008789691131892208,0.0015174252594827298,-0.00048257474051727027,-3.915880309765027,8110.641266978151,BTCUSDT vs BNBUSDT,2025
2025-12-25 08:00:00.001,2025-12-29 08:00:00.001,BNBUSDT,SOLUSDT,-0.5423676459121692,1.2132427662652983,1.7556104121774676,0.012270011380880241,-0.009079754601226897,0.0015951283898266722,-0.0004048716101733279,-3.2837683892996843,8107.357498588852,BNBUSDT vs SOLUSDT,2025
2025-12-30 00:00:00.005,2026-01-03 00:00:00.001,SOLUSDT,BTCUSDT,-0.716853935415929,0.24425580940067643,0.9611097448166055,0.05568633817680024,-0.026750165131554704,0.01446808652262277,0.01246808652262277,101.08323476224031,8208.440733351092,SOLUSDT vs BTCUSDT,2025
2026-01-03 16:00:00.000,2026-01-07 16:00:00.001,BTCUSDT,XRPUSDT,-0.9028458736521809,0.9597096939194635,1.8625555675716443,0.015526227125696623,-0.0794315632011966,-0.03195266803774999,-0.03395266803774999,-278.6984633270147,7929.742270024077,BTCUSDT vs XRPUSDT,2026
2026-01-08 08:00:00.000,2026-01-12 08:00:00.000,SOLUSDT,BTCUSDT,-0.07990609817562346,1.235266506714,1.3151726048896235,0.04955087615962306,-0.012251711969311518,0.01864958209515577,0.016649582095155768,132.02689491819274,8061.7691649422695,SOLUSDT vs BTCUSDT,2026
2026-01-13 00:00:00.007,2026-01-17 00:00:00.000,BNBUSDT,ETHUSDT,-0.6269706231876526,0.6626328809051304,1.2896035040927831,0.033056756995321734,-0.06342906087884037,-0.015186151941759318,-0.01718615194175932,-138.550789788088,7923.218375154182,BNBUSDT vs ETHUSDT,2026
2026-01-17 16:00:00.002,2026-01-21 16:00:00.011,BNBUSDT,ETHUSDT,-0.6695459429542427,1.0277762154172139,1.6973221583714566,-0.07566787305704903,0.10440397460435746,0.014368050773654217,0.012368050773654217,97.99476715465698,8021.2131423088385,BNBUSDT vs ETHUSDT,2026
2026-01-22 08:00:00.003,2026-01-26 08:00:00.003,ETHUSDT,SOLUSDT,-0.7126117781618889,0.4939414243165307,1.2065532024784196,-0.03386982785059933,0.048331149310105626,0.007230660729753147,0.005230660729753147,41.95624458845468,8063.169386897293,ETHUSDT vs SOLUSDT,2026
2026-01-27 00:00:00.002,2026-01-31 00:00:00.000,ETHUSDT,XRPUSDT,-0.8464426714740517,0.88850857375429,1.7349512452283418,-0.08536681131759805,0.09715726971782879,0.0058952292001153705,0.0038952292001153705,31.407892841318688,8094.577279738612,ETHUSDT vs XRPUSDT,2026
2026-01-31 16:00:00.009,2026-02-04 16:00:00.000,SOLUSDT,BTCUSDT,-3.236417716136512,-0.526465415890782,2.70995230024573,-0.15205378522748214,0.10005340315939992,-0.02600019103404111,-0.02800019103404111,-226.64971017248996,7867.927569566122,SOLUSDT vs BTCUSDT,2026
2026-02-05 08:00:00.000,2026-02-09 08:00:00.001,XRPUSDT,BTCUSDT,-1.2420394918324282,1.3454689292081814,2.5875084210406096,0.009499196759097606,0.01678825613969115,0.013143726449394377,0.011143726449394377,87.67803255889321,7955.605602125015,XRPUSDT vs BTCUSDT,2026
2026-02-10 00:00:00.000,2026-02-14 00:00:00.002,BTCUSDT,SOLUSDT,-1.559335401278571,0.11413331212607834,1.6734687134046493,-0.013241934885737772,0.018336985353476942,0.0025475252338695853,0.0005475252338695853,4.355894817877681,7959.961496942893,BTCUSDT vs SOLUSDT,2026
2026-02-14 16:00:00.002,2026-02-18 16:00:00.011,BNBUSDT,BTCUSDT,-0.5049531699744502,0.15037534124497523,0.6553285112194254,-0.0478868358458171,0.04775913134979681,-6.385224801014333e-05,-0.0020638522480101434,-16.428184429539776,7943.533312513353,BNBUSDT vs BTCUSDT,2026
2026-02-19 08:00:00.000,2026-02-23 08:00:00.000,ETHUSDT,XRPUSDT,-1.4976070832333819,0.11012108323919781,1.6077281664725798,-0.043466847063337366,0.04323229501327008,-0.00011727602503364132,-0.0021172760250336414,-16.818652636640586,7926.714659876712,ETHUSDT vs XRPUSDT,2026
2026-02-24 00:00:00.007,2026-02-28 00:00:00.000,SOLUSDT,XRPUSDT,-0.4582060372582626,1.0296624688186164,1.487868506076879,0.009889545337785632,0.03656009473060973,0.02322482003419768,0.021224820034197678,168.24309211831968,8094.957751995032,SOLUSDT vs XRPUSDT,2026
2026-02-28 16:00:00.004,2026-03-04 16:00:00.000,XRPUSDT,BNBUSDT,-1.7006467668302616,-0.2403010446515652,1.4603457221786964,0.08102796674225243,-0.08978902394594779,-0.0043805286018476775,-0.0063805286018476775,-51.65010946735288,8043.307642527679,XRPUSDT vs BNBUSDT,2026
2026-03-05 08:00:00.000,2026-03-09 08:00:00.004,BNBUSDT,XRPUSDT,-0.2065438856832453,1.6112668678152433,1.8178107534984886,-0.0171419786301793,0.037456631027402265,0.010157326198611483,0.008157326198611483,65.61188415588299,8108.919526683561,BNBUSDT vs XRPUSDT,2026
2026-03-10 00:00:00.012,2026-03-14 00:00:00.001,BTCUSDT,ETHUSDT,-0.7027177108378604,1.2221072872071579,1.9248249980450183,0.031751323215486904,-0.042172786957656694,-0.005210731871084895,-0.007210731871084895,-58.471244471119796,8050.448282212442,BTCUSDT vs ETHUSDT,2026
2026-03-14 16:00:00.007,2026-03-18 16:00:00.005,BTCUSDT,SOLUSDT,-0.6689001494079873,0.1565641659095219,0.8254643153175092,0.009187198017991616,-0.03865235952463353,-0.014732580753320956,-0.016732580753320958,-134.70477598255368,7915.743506229888,BTCUSDT vs SOLUSDT,2026
2026-03-19 08:00:00.003,2026-03-23 08:00:00.003,BNBUSDT,ETHUSDT,-6.304154923349025,0.2416808722808596,6.545835795629885,-0.011707241432780235,0.017420460265925142,0.002856609416572453,0.0008566094165724531,6.780700426608769,7922.524206656497,BNBUSDT vs ETHUSDT,2026
2026-03-24 00:00:00.000,2026-03-28 00:00:00.005,XRPUSDT,ETHUSDT,-0.07877547437204636,1.2455811757441886,1.324356650116235,-0.06384464934339196,0.06743840074384,0.001796875700224021,-0.00020312429977597905,-1.609257181935345,7920.914949474562,XRPUSDT vs ETHUSDT,2026
2026-03-28 16:00:00.000,2026-04-01 16:00:00.000,BTCUSDT,BNBUSDT,-1.8338817587003888,0.22314900200967805,2.057030760710067,0.016483434454424017,0.009496953195903046,0.012990193825163532,0.010990193825163532,87.05239056736083,8007.967340041922,BTCUSDT vs BNBUSDT,2026
2026-04-02 08:00:00.001,2026-04-06 08:00:00.001,ETHUSDT,BTCUSDT,-1.2679450866080015,1.1560230704609706,2.4239681570689724,0.05287158298414907,-0.045370007684510494,0.003750787649819287,0.001750787649819287,14.020250319101605,8021.987590361024,ETHUSDT vs BTCUSDT,2026
2026-04-07 00:00:00.000,2026-04-11 00:00:00.000,BTCUSDT,BNBUSDT,0.30267452506045117,2.0567222442025908,1.7540477191421395,0.05652308483693935,-0.009859272212507264,0.023331906312216044,0.021331906312216042,171.12428771534107,8193.111878076365,BTCUSDT vs BNBUSDT,2026
2026-04-11 16:00:00.003,2026-04-15 16:00:00.000,BTCUSDT,SOLUSDT,-1.4741239388342888,0.27377353633162704,1.747897475165916,0.02690157421381989,-0.002718033561805555,0.012091770326007167,0.010091770326007167,82.68300332882791,8275.794881405192,BTCUSDT vs SOLUSDT,2026
2026-04-16 08:00:00.000,2026-04-20 08:00:00.000,BTCUSDT,BNBUSDT,-0.5915200657085397,3.456828440685809,4.0483485063943485,0.013398028866564937,-0.00916562329448789,0.0021162027860385235,0.00011620278603852348,0.9616704219026354,8276.756551827095,BTCUSDT vs BNBUSDT,2026
2026-04-21 00:00:00.000,2026-04-25 00:00:00.000,BTCUSDT,SOLUSDT,-0.3486674853381594,0.7901700839950622,1.1388375693332216,0.021899957910069823,-0.012434017595307933,0.004732970157380945,0.0027329701573809446,22.62012865605066,8299.376680483145,BTCUSDT vs SOLUSDT,2026
2026-04-25 16:00:00.002,2026-04-29 16:00:00.003,BTCUSDT,SOLUSDT,-1.1219109356536021,0.47401595758894893,1.595926893242551,-0.0199173753676124,0.03678347644465074,0.008433050538519171,0.006433050538519171,53.39030962375555,8352.7669901069,BTCUSDT vs SOLUSDT,2026
2026-04-30 08:00:00.000,2026-05-04 08:00:00.000,ETHUSDT,SOLUSDT,-0.8069754914200578,-0.07318940488889249,0.7337860865311653,0.03967242142540939,-0.013683831472812491,0.012994294976298448,0.010994294976298448,91.8327841575238,8444.599774264425,ETHUSDT vs SOLUSDT,2026
2026-05-05 00:00:00.000,2026-05-09 00:00:00.000,XRPUSDT,SOLUSDT,-0.3616516469837062,0.4638254936252729,0.8254771406089791,0.0231504781077001,-0.1149315883402735,-0.0458905551162867,-0.047890555116286704,-404.4165709243927,8040.183203340032,XRPUSDT vs SOLUSDT,2026
2026-05-09 16:00:00.002,2026-05-13 16:00:00.001,BTCUSDT,BNBUSDT,-0.4102897016013963,2.4380460116330336,2.84833571323443,-0.014908999196156514,-0.036802715839827194,-0.025855857517991854,-0.027855857517991855,-223.9661977307913,7816.217005609241,BTCUSDT vs BNBUSDT,2026
