date,gross,net,n_long,n_short,regime
2021-01-07,-0.054566545187800033,-0.05616654518780003,6,6,
2021-01-08,-0.026813621961762367,-0.028413621961762368,6,6,
2021-01-09,0.0004017831624382323,-0.0011982168375617678,6,6,
2021-01-10,0.033346226535304876,0.03174622653530488,6,6,
2021-01-11,-0.0024184763282757565,-0.004018476328275756,6,6,
2021-01-12,-0.06767595854214671,-0.06927595854214672,6,6,
2021-01-13,-0.04370302634577252,-0.04530302634577252,6,6,
2021-01-14,0.02164058882508337,0.020040588825083368,6,6,
2021-01-15,0.04617060093547916,0.04457060093547916,6,6,
2021-01-16,-0.038103496857221204,-0.0397034968572212,6,6,
2021-01-17,-0.033835718246915496,-0.03543571824691549,6,6,
2021-01-18,-0.023967230468934682,-0.025567230468934683,6,6,
2021-01-19,0.04005864808121622,0.03845864808121622,6,6,
2021-01-20,0.045933432992523775,0.04433343299252378,6,6,
2021-01-21,0.06983305245349801,0.068233052453498,6,6,
2021-01-22,0.015144573083244578,0.013544573083244577,6,6,
2021-01-23,0.013075872629725602,0.011475872629725601,6,6,
2021-01-24,0.04799397217678323,0.04639397217678323,6,6,
2021-01-25,-0.0035888343439173936,-0.0051888343439173935,6,6,
2021-01-26,-0.14517366227585282,-0.1467736622758528,6,6,
2021-01-27,-0.14976494629468995,-0.15136494629468994,6,6,
2021-01-28,0.04531876600803114,0.043718766008031144,6,6,
2021-01-29,-0.017854205544991623,-0.019454205544991623,6,6,
2021-01-30,-0.015530413259526386,-0.017130413259526387,6,6,
2021-01-31,-0.03884047089712906,-0.04044047089712906,6,6,
2021-02-01,0.058566621726205866,0.05696662172620587,6,6,
2021-02-02,0.04854232675221008,0.046942326752210085,6,6,
2021-02-03,0.05800771959136154,0.056407719591361545,6,6,
2021-02-04,0.042754491689818756,0.04115449168981876,6,6,
2021-02-05,0.07765968159792466,0.07605968159792466,6,6,
2021-02-06,0.00953798145324522,0.00793798145324522,6,6,
2021-02-07,0.06736154372706639,0.06576154372706638,6,6,
2021-02-08,0.015755225184107685,0.014155225184107684,6,6,
2021-02-09,0.0369175207191204,0.0353175207191204,6,6,
2021-02-10,-0.12620407427649577,-0.12780407427649576,6,6,
2021-02-11,-0.06158340658323861,-0.06318340658323861,6,6,
2021-02-12,-0.019665283781056024,-0.021265283781056025,6,6,
2021-02-13,0.010318790321401199,0.008718790321401198,6,6,
2021-02-14,0.006796481814847514,0.005196481814847514,6,6,
2021-02-15,0.023187840451333246,0.021587840451333246,6,6,
2021-02-16,0.05622428959310193,0.054624289593101935,6,6,
2021-02-17,-0.030344865155134938,-0.031944865155134936,6,6,
2021-02-18,-0.053971870944283976,-0.05557187094428397,6,6,
2021-02-19,-0.07572605536561498,-0.07732605536561499,6,6,
2021-02-20,0.061412645235446664,0.05981264523544667,6,6,low
2021-02-21,0.0317075821016705,0.030107582101670503,6,6,low
2021-02-22,0.050367752026583355,0.04876775202658336,6,6,low
2021-02-23,0.03823501890252344,0.03663501890252344,6,6,low
2021-02-24,0.013020318354389033,0.011420318354389032,6,6,low
2021-02-25,0.03195185966432389,0.030351859664323886,6,6,low
2021-02-26,0.020856243499565455,0.019256243499565454,6,6,low
2021-02-27,0.008027725964298557,0.006427725964298557,6,6,low
2021-02-28,-0.06244785103998771,-0.06404785103998771,6,6,low
2021-03-01,-0.03999056208075855,-0.04159056208075855,6,6,low
2021-03-02,-0.022140832890050793,-0.023740832890050793,6,6,low
2021-03-03,-0.01334679825159819,-0.014946798251598191,6,6,low
2021-03-04,0.005931268384386269,0.0043312683843862694,6,6,low
2021-03-05,-0.003214347345702799,-0.004814347345702799,6,6,low
2021-03-06,0.005565522522442828,0.0039655225224428286,6,6,low
2021-03-07,0.018789621031185838,0.017189621031185837,6,6,low
2021-03-08,-0.06149158242243035,-0.06309158242243035,6,6,low
2021-03-09,-0.0040781012833204094,-0.005678101283320409,6,6,low
2021-03-10,0.036363353900662684,0.03476335390066269,6,6,low
2021-03-11,-0.01902722815327605,-0.02062722815327605,6,6,low
2021-03-12,-0.009960479180245625,-0.011560479180245626,6,6,low
2021-03-13,-0.05272473425328542,-0.05432473425328542,6,6,low
2021-03-14,-0.03126476557359312,-0.032864765573593115,6,6,low
2021-03-15,-0.0024208226132222607,-0.004020822613222261,6,6,low
2021-03-16,0.03321772251350539,0.03161772251350539,6,6,low
2021-03-17,-0.016669366219009427,-0.018269366219009427,6,6,low
2021-03-18,-0.009071670161094635,-0.010671670161094635,6,6,low
2021-03-19,-0.03473708338968968,-0.036337083389689676,6,6,low
2021-03-20,-0.012285411689195148,-0.01388541168919515,6,6,low
2021-03-21,0.002330887173379842,0.0007308871733798419,6,6,low
2021-03-22,0.021863876764898135,0.020263876764898135,6,6,low
2021-03-23,0.052574308524323314,0.05097430852432332,6,6,low
2021-03-24,0.050365179169968244,0.04876517916996825,6,6,low
2021-03-25,0.037355168728736926,0.03575516872873693,6,6,low
2021-03-26,-0.017724360125505104,-0.019324360125505105,6,6,low
2021-03-27,-0.0037165250034176603,-0.00531652500341766,6,6,low
2021-03-28,0.06051502947461862,0.05891502947461862,6,6,low
2021-03-29,0.05191180757386615,0.050311807573866156,6,6,low
2021-03-30,0.0012742416553212857,-0.0003257583446787144,6,6,low
2021-03-31,-0.006712579324197157,-0.008312579324197157,6,6,low
2021-04-01,0.05058580522074053,0.04898580522074053,6,6,low
2021-04-02,0.005661734993026718,0.004061734993026718,6,6,low
2021-04-03,0.010407487432236122,0.008807487432236121,6,6,low
2021-04-04,-0.027678506619614233,-0.029278506619614234,6,6,low
2021-04-05,-0.00730936923029654,-0.00890936923029654,6,6,low
2021-04-06,-0.006990029124669199,-0.0085900291246692,6,6,low
2021-04-07,0.05381676568110043,0.05221676568110043,6,6,low
2021-04-08,0.029010374592668645,0.027410374592668645,6,6,low
2021-04-09,0.04798633159039807,0.046386331590398074,6,6,low
2021-04-10,0.007538455007717951,0.005938455007717951,6,6,low
2021-04-11,0.028603479391172727,0.027003479391172727,6,6,low
2021-04-12,0.09773586117893887,0.09613586117893887,6,6,low
2021-04-13,0.042648678283008154,0.04104867828300816,6,6,low
2021-04-14,0.11426066076881589,0.11266066076881588,6,6,low
2021-04-15,0.01746254848473429,0.015862548484734288,6,6,low
2021-04-16,-0.003046368235731213,-0.004646368235731213,6,6,low
2021-04-17,-0.0002938498168006294,-0.0018938498168006295,6,6,low
2021-04-18,-0.02564082536797578,-0.02724082536797578,6,6,low
2021-04-19,-0.023275932697427327,-0.024875932697427328,6,6,low
2021-04-20,0.006660689497203921,0.005060689497203921,6,6,low
2021-04-21,0.027682014023204075,0.026082014023204075,6,6,low
2021-04-22,0.02680859416625475,0.02520859416625475,6,6,low
2021-04-23,-0.02310261155865225,-0.024702611558652252,6,6,low
2021-04-24,0.04883503575206807,0.047235035752068076,6,6,low
2021-04-25,0.016646684754056784,0.015046684754056783,6,6,low
2021-04-26,0.043994627494110754,0.042394627494110756,6,6,low
2021-04-27,-0.022427615833830156,-0.024027615833830156,6,6,low
2021-04-28,-0.03568996987848187,-0.03728996987848187,6,6,low
2021-04-29,-0.021938881844459496,-0.023538881844459496,6,6,low
2021-04-30,-0.018035306812180265,-0.019635306812180266,6,6,low
2021-05-01,-0.03142374717912358,-0.033023747179123576,6,6,low
2021-05-02,0.09789695447774152,0.09629695447774152,6,6,low
2021-05-03,0.0877277338322276,0.08612773383222759,6,6,low
2021-05-04,0.043999732430369407,0.04239973243036941,6,6,low
2021-05-05,0.0021502524117165307,0.0005502524117165306,6,6,low
2021-05-06,-0.009729758275841025,-0.011329758275841026,6,6,low
2021-05-07,-0.0470865705749656,-0.048686570574965594,6,6,low
2021-05-08,-0.03461967181415321,-0.036219671814153205,6,6,low
2021-05-09,-0.05488620393425472,-0.056486203934254714,6,6,low
2021-05-10,0.017869198034655587,0.016269198034655586,6,6,low
2021-05-11,0.006317979712519104,0.004717979712519104,6,6,low
2021-05-12,0.0656449580831648,0.0640449580831648,6,6,low
2021-05-13,-0.0820561786462085,-0.0836561786462085,6,6,high
2021-05-14,-0.03856433229874262,-0.04016433229874262,6,6,high
2021-05-15,-0.04333050589961261,-0.04493050589961261,6,6,high
2021-05-16,-0.049811743548737436,-0.05141174354873743,6,6,high
2021-05-17,-0.012509628090387331,-0.014109628090387332,6,6,high
2021-05-18,0.009336416365847838,0.0077364163658478384,6,6,high
2021-05-19,0.06266956557016592,0.06106956557016593,6,6,high
2021-05-20,0.0035743860718358,0.0019743860718358,6,6,high
2021-05-21,0.006430475311055601,0.004830475311055601,6,6,high
2021-05-22,0.01071312737703544,0.00911312737703544,6,6,high
2021-05-23,0.03929166438632253,0.037691664386322536,6,6,high
2021-05-24,0.019617773773458493,0.018017773773458493,6,6,high
2021-05-25,0.009189636357312958,0.007589636357312958,6,6,high
2021-05-26,-0.011332423506221823,-0.012932423506221823,6,6,high
2021-05-27,-0.00722074383920808,-0.00882074383920808,6,6,high
2021-05-28,0.010002708319572562,0.008402708319572561,6,6,high
2021-05-29,-0.00782070457248879,-0.009420704572488791,6,6,high
2021-05-30,0.04688537443568866,0.04528537443568866,6,6,high
2021-05-31,0.041272013123981904,0.03967201312398191,6,6,high
2021-06-01,0.02884232608684698,0.027242326086846978,6,6,high
2021-06-02,0.018330260437187943,0.016730260437187942,6,6,high
2021-06-03,-0.012392883447506414,-0.013992883447506415,6,6,high
2021-06-04,-0.012941836988087145,-0.014541836988087146,6,6,high
2021-06-05,0.00836960263981009,0.006769602639810091,6,6,high
2021-06-06,0.013167105130356693,0.011567105130356692,6,6,high
2021-06-07,-0.006227159265027099,-0.0078271592650271,6,6,high
2021-06-08,-0.011591722921752801,-0.013191722921752802,6,6,high
2021-06-09,-0.010739053682663181,-0.012339053682663182,6,6,high
2021-06-10,0.009154310164551292,0.007554310164551292,6,6,high
2021-06-11,0.021521524063073456,0.019921524063073456,6,6,high
2021-06-12,0.013378950816339816,0.011778950816339815,6,6,high
2021-06-13,0.0007275036404658895,-0.0008724963595341105,6,6,high
2021-06-14,0.0025910069582909083,0.0009910069582909082,6,6,high
2021-06-15,0.007359220186733809,0.005759220186733809,6,6,high
2021-06-16,-0.004960531475611901,-0.006560531475611901,6,6,high
2021-06-17,0.006546831212702622,0.0049468312127026225,6,6,high
2021-06-18,-0.05086288253649536,-0.05246288253649536,6,6,high
2021-06-19,-0.01366510390938161,-0.01526510390938161,6,6,high
2021-06-20,-0.005674993186364885,-0.007274993186364885,6,6,high
2021-06-21,-0.03981993014949812,-0.041419930149498116,6,6,low
2021-06-22,0.004960026661223249,0.0033600266612232492,6,6,high
2021-06-23,0.008882159054088592,0.007282159054088592,6,6,high
2021-06-24,0.0065960678278903125,0.004996067827890313,6,6,low
2021-06-25,-0.025706139114064747,-0.027306139114064747,6,6,low
2021-06-26,0.03576244934082753,0.03416244934082753,6,6,high
2021-06-27,0.055323431952947436,0.05372343195294744,6,6,high
2021-06-28,0.02139656206769338,0.01979656206769338,6,6,high
2021-06-29,-0.014417553540687945,-0.016017553540687946,6,6,high
2021-06-30,0.00015240392673166944,-0.0014475960732683306,6,6,high
2021-07-01,-0.00017419697903647835,-0.0017741969790364784,6,6,high
2021-07-02,-0.006050900038205549,-0.0076509000382055485,6,6,high
2021-07-03,-0.009177852083483087,-0.010777852083483088,6,6,high
2021-07-04,0.012963966521414145,0.011363966521414144,6,6,low
2021-07-05,0.0006504664364607587,-0.0009495335635392413,6,6,low
2021-07-06,-0.0024387798880952,-0.0040387798880952,6,6,low
2021-07-07,0.002566411546168511,0.0009664115461685107,6,6,low
2021-07-08,0.008478013629345808,0.006878013629345808,6,6,low
2021-07-09,-0.0016289717416605592,-0.003228971741660559,6,6,low
2021-07-10,-0.003137174356992612,-0.004737174356992612,6,6,low
2021-07-11,-0.014377017272832714,-0.015977017272832714,6,6,low
2021-07-12,0.004835019312233527,0.003235019312233527,6,6,low
2021-07-13,0.005003297522633239,0.003403297522633239,6,6,low
2021-07-14,0.02311231904757973,0.02151231904757973,6,6,low
2021-07-15,0.005992711901600022,0.004392711901600022,6,6,low
2021-07-16,-0.010012624330979717,-0.011612624330979718,6,6,low
2021-07-17,0.00980397513326782,0.00820397513326782,6,6,low
2021-07-18,-0.013157492814020904,-0.014757492814020905,6,6,low
2021-07-19,-0.026285171735373987,-0.027885171735373988,6,6,low
2021-07-20,-0.03796168972607872,-0.039561689726078715,6,6,low
2021-07-21,0.0030825849820746987,0.0014825849820746986,6,6,low
2021-07-22,0.0014913600514882275,-0.0001086399485117726,6,6,low
2021-07-23,0.0014964788864668017,-0.00010352111353319833,6,6,low
2021-07-24,-0.0026586789754813323,-0.004258678975481332,6,6,low
2021-07-25,-0.01596114761464711,-0.01756114761464711,6,6,low
2021-07-26,-0.012434178648252601,-0.014034178648252602,6,6,low
2021-07-27,0.0023553669542388522,0.0007553669542388522,6,6,low
2021-07-28,0.01294890153537498,0.011348901535374979,6,6,low
2021-07-29,-0.0056510500987363346,-0.007251050098736334,6,6,low
2021-07-30,-0.002830208876349003,-0.0044302088763490035,6,6,low
2021-07-31,0.0013167271131016359,-0.0002832728868983642,6,6,low
2021-08-01,0.010969949484605604,0.009369949484605603,6,6,low
2021-08-02,0.01953850857531972,0.017938508575319718,6,6,low
2021-08-03,0.03143129682163624,0.029831296821636242,6,6,low
2021-08-04,-0.012236469922041214,-0.013836469922041215,6,6,low
2021-08-05,-0.010131704622743369,-0.01173170462274337,6,6,low
2021-08-06,-0.02784215250140232,-0.02944215250140232,6,6,low
2021-08-07,-0.006953826794555641,-0.00855382679455564,6,6,low
2021-08-08,-0.02181119297510764,-0.02341119297510764,6,6,low
2021-08-09,-0.033180235315434486,-0.034780235315434484,6,6,low
2021-08-10,-0.020064764944842613,-0.021664764944842613,6,6,low
2021-08-11,0.0032938786665689807,0.0016938786665689806,6,6,low
2021-08-12,0.04440943835284094,0.04280943835284094,6,6,low
2021-08-13,0.01181299218102453,0.01021299218102453,6,6,low
2021-08-14,-0.06862152455939269,-0.07022152455939269,6,6,low
2021-08-15,-0.017747853004755898,-0.0193478530047559,6,6,low
2021-08-16,0.01846913286729173,0.01686913286729173,6,6,low
2021-08-17,0.022761154109823857,0.021161154109823856,6,6,low
2021-08-18,0.011821009885885699,0.010221009885885698,6,6,low
2021-08-19,0.023413186841844357,0.021813186841844356,6,6,low
2021-08-20,0.025792272252516256,0.024192272252516255,6,6,low
2021-08-21,0.005583807044637578,0.003983807044637578,6,6,low
2021-08-22,0.0008903174998802846,-0.0007096825001197155,6,6,low
2021-08-23,-0.0016223721679129444,-0.0032223721679129442,6,6,low
2021-08-24,0.014267531373372964,0.012667531373372964,6,6,low
2021-08-25,0.04128236760484583,0.03968236760484583,6,6,low
2021-08-26,-0.013583403037873122,-0.015183403037873123,6,6,low
2021-08-27,0.011160527925385216,0.009560527925385216,6,6,low
2021-08-28,-0.027938965978277427,-0.029538965978277428,6,6,low
2021-08-29,-0.02603280568438587,-0.02763280568438587,6,6,low
2021-08-30,-0.0022954762558887523,-0.003895476255888752,6,6,low
2021-08-31,0.017092196228728214,0.015492196228728213,6,6,low
2021-09-01,-0.02115054407488931,-0.02275054407488931,6,6,low
2021-09-02,-0.0034040257486347356,-0.005004025748634735,6,6,low
2021-09-03,-0.026924014437643636,-0.028524014437643637,6,6,low
2021-09-04,0.04613288247856243,0.044532882478562436,6,6,low
2021-09-05,0.02937060332139585,0.02777060332139585,6,6,low
2021-09-06,0.0686596808932641,0.0670596808932641,6,6,low
2021-09-07,0.0038716504348362928,0.002271650434836293,6,6,low
2021-09-08,-0.04123872641639155,-0.04283872641639155,6,6,low
2021-09-09,-0.030295268833462626,-0.03189526883346262,6,6,low
2021-09-10,0.004506421658922259,0.002906421658922259,6,6,low
2021-09-11,-0.00374519515182678,-0.00534519515182678,6,6,low
2021-09-12,-0.04058705876905566,-0.04218705876905566,6,6,low
2021-09-13,-0.007886545774883614,-0.009486545774883615,6,6,low
2021-09-14,-0.00989417426066143,-0.011494174260661431,6,6,low
2021-09-15,0.02331412841857382,0.02171412841857382,6,6,low
2021-09-16,0.005470752249585414,0.003870752249585414,6,6,low
2021-09-17,0.003948736572409017,0.0023487365724090175,6,6,low
2021-09-18,0.0008858920413600813,-0.0007141079586399188,6,6,low
2021-09-19,-0.006407945385077926,-0.008007945385077927,6,6,low
2021-09-20,-0.003676453297123669,-0.005276453297123669,6,6,low
2021-09-21,-0.010017342925301063,-0.011617342925301064,6,6,low
2021-09-22,-0.004922110223913159,-0.006522110223913159,6,6,low
2021-09-23,-0.021665280758902502,-0.023265280758902503,6,6,low
2021-09-24,-0.03266280491471424,-0.034262804914714236,6,6,low
2021-09-25,-0.03361605114986729,-0.03521605114986729,6,6,low
2021-09-26,-0.014689136238253752,-0.016289136238253753,6,6,low
2021-09-27,-0.019107956558772697,-0.020707956558772698,6,6,low
2021-09-28,-0.041368218444177894,-0.04296821844417789,6,6,low
2021-09-29,-0.020159459034735344,-0.021759459034735345,6,6,low
2021-09-30,-0.00428358513821097,-0.00588358513821097,6,6,low
2021-10-01,0.00787088023436818,0.00627088023436818,6,6,low
2021-10-02,-0.006213511299592767,-0.007813511299592768,6,6,high
2021-10-03,-0.013463035110607039,-0.01506303511060704,6,6,high
2021-10-04,-0.006847170477724307,-0.008447170477724307,6,6,high
2021-10-05,-0.006127662197084557,-0.007727662197084557,6,6,high
2021-10-06,0.013926381122460647,0.012326381122460647,6,6,high
2021-10-07,-0.01565016956924062,-0.01725016956924062,6,6,high
2021-10-08,0.02542291853182603,0.02382291853182603,6,6,low
2021-10-09,-0.004474888055535531,-0.006074888055535531,6,6,low
2021-10-10,0.010010847682364637,0.008410847682364636,6,6,low
2021-10-11,-0.004939469055996019,-0.006539469055996019,6,6,low
2021-10-12,0.016088362228472534,0.014488362228472534,6,6,low
2021-10-13,0.0015964015409730675,-3.598459026932623e-06,6,6,low
2021-10-14,0.014542563194390058,0.012942563194390057,6,6,low
2021-10-15,0.004111070588548094,0.0025110705885480937,6,6,low
2021-10-16,-0.0132482621228832,-0.014848262122883201,6,6,high
2021-10-17,-0.001706223552940575,-0.003306223552940575,6,6,high
2021-10-18,0.009997833507344291,0.00839783350734429,6,6,high
2021-10-19,-0.016168506247309648,-0.01776850624730965,6,6,high
2021-10-20,0.012897108796754611,0.01129710879675461,6,6,high
2021-10-21,0.0054293069129677666,0.0038293069129677667,6,6,low
2021-10-22,0.02165904634269089,0.02005904634269089,6,6,low
2021-10-23,0.01801755620259758,0.01641755620259758,6,6,low
2021-10-24,0.03122567506571118,0.02962567506571118,6,6,low
2021-10-25,0.04129237886493688,0.03969237886493688,6,6,low
2021-10-26,-0.003259749696985703,-0.004859749696985703,6,6,low
2021-10-27,-0.029829882397052747,-0.031429882397052744,6,6,low
2021-10-28,-0.028236085945132976,-0.029836085945132977,6,6,low
2021-10-29,-0.018522833111915417,-0.020122833111915418,6,6,low
2021-10-30,-0.004762734334177152,-0.006362734334177152,6,6,low
2021-10-31,-0.0010083853992198383,-0.002608385399219838,6,6,low
2021-11-01,-0.02213012326605058,-0.02373012326605058,6,6,low
2021-11-02,-0.01122059483594114,-0.01282059483594114,6,6,low
2021-11-03,0.01603237455055834,0.01443237455055834,6,6,low
2021-11-04,0.016991760316354316,0.015391760316354315,6,6,low
2021-11-05,0.018257455603584324,0.016657455603584323,6,6,low
2021-11-06,-0.006785239746536765,-0.008385239746536766,6,6,low
2021-11-07,-0.012210239325833665,-0.013810239325833666,6,6,low
2021-11-08,-0.01032722137117317,-0.01192722137117317,6,6,low
2021-11-09,0.01184606178359825,0.01024606178359825,6,6,low
2021-11-10,0.007820312145944745,0.006220312145944745,6,6,low
2021-11-11,0.017667692012266076,0.016067692012266075,6,6,low
2021-11-12,0.0032793596087197854,0.0016793596087197854,6,6,low
2021-11-13,0.014142790910257469,0.012542790910257468,6,6,low
2021-11-14,-0.0018034544373954076,-0.0034034544373954074,6,6,low
2021-11-15,0.007081267141800879,0.005481267141800879,6,6,low
2021-11-16,0.0029975840958604174,0.0013975840958604174,6,6,low
2021-11-17,0.011376710748917582,0.009776710748917582,6,6,low
2021-11-18,0.03052098867445133,0.02892098867445133,6,6,low
2021-11-19,0.006003898753828172,0.0044038987538281725,6,6,low
2021-11-20,0.015915887684950364,0.014315887684950363,6,6,low
2021-11-21,0.013196719909295194,0.011596719909295193,6,6,low
2021-11-22,-0.0021328124851168386,-0.0037328124851168385,6,6,low
2021-11-23,-0.015662335102884978,-0.01726233510288498,6,6,low
2021-11-24,-0.008807370550723923,-0.010407370550723924,6,6,low
2021-11-25,-0.010579859084603634,-0.012179859084603634,6,6,low
2021-11-26,0.010417695269181636,0.008817695269181636,6,6,low
2021-11-27,-0.0027111329079966863,-0.004311132907996686,6,6,low
2021-11-28,0.012844794996121121,0.01124479499612112,6,6,low
2021-11-29,0.008795867458127516,0.007195867458127516,6,6,low
2021-11-30,0.003565301782260012,0.001965301782260012,6,6,low
2021-12-01,-0.00861401635132978,-0.01021401635132978,6,6,low
2021-12-02,0.039493257943121904,0.03789325794312191,6,6,low
2021-12-03,0.05443707558206383,0.05283707558206383,6,6,low
2021-12-04,0.003139841962654242,0.0015398419626542418,6,6,low
2021-12-05,-0.004510336561790375,-0.006110336561790375,6,6,low
2021-12-06,-0.013775558487574602,-0.015375558487574603,6,6,low
2021-12-07,0.0013446462274348536,-0.00025535377256514645,6,6,low
2021-12-08,-0.004027663497968945,-0.0056276634979689445,6,6,low
2021-12-09,-0.005788299360965265,-0.007388299360965265,6,6,low
2021-12-10,-0.003768823061049493,-0.005368823061049493,6,6,low
2021-12-11,0.0034198715249632965,0.0018198715249632964,6,6,low
2021-12-12,-0.003620378584256387,-0.005220378584256387,6,6,low
2021-12-13,0.002222384275896574,0.0006223842758965737,6,6,low
2021-12-14,-0.05436102606824071,-0.05596102606824071,6,6,low
2021-12-15,-0.008380100426127033,-0.009980100426127033,6,6,low
2021-12-16,-0.004179131755823927,-0.005779131755823927,6,6,low
2021-12-17,0.007724807793409423,0.006124807793409424,6,6,low
2021-12-18,0.02571772856985346,0.024117728569853458,6,6,low
2021-12-19,0.020393660079267455,0.018793660079267454,6,6,low
2021-12-20,-0.012958978275876575,-0.014558978275876575,6,6,low
2021-12-21,-0.02564957529698844,-0.027249575296988442,6,6,low
2021-12-22,-0.013257925467874531,-0.014857925467874532,6,6,low
2021-12-23,-7.524067837241105e-06,-0.0016075240678372412,6,6,low
2021-12-24,0.01790746909228943,0.016307469092289428,6,6,low
2021-12-25,-0.0010510377360619938,-0.0026510377360619937,6,6,low
2021-12-26,-0.004431918153022615,-0.006031918153022615,6,6,low
2021-12-27,0.011897104977528286,0.010297104977528285,6,6,low
2021-12-28,0.021016372901499325,0.019416372901499324,6,6,low
2021-12-29,0.02347088603025199,0.02187088603025199,6,6,low
2021-12-30,0.01177665502938018,0.010176655029380179,6,6,low
2021-12-31,0.01777598276380828,0.01617598276380828,6,6,low
2022-01-01,-0.00151483640580693,-0.00311483640580693,6,6,low
2022-01-02,0.005792469420584201,0.004192469420584201,6,6,low
2022-01-03,-0.003466362690153345,-0.005066362690153345,6,6,low
2022-01-04,0.01929070723669963,0.01769070723669963,6,6,low
2022-01-05,0.010407545994684658,0.008807545994684658,6,6,low
2022-01-06,0.007565743168687793,0.005965743168687793,6,6,low
2022-01-07,0.010270321892204995,0.008670321892204994,6,6,low
2022-01-08,-0.007552760596596559,-0.00915276059659656,6,6,low
2022-01-09,-0.011489711715934717,-0.013089711715934718,6,6,low
2022-01-10,-0.034474688415920315,-0.03607468841592031,6,6,low
2022-01-11,0.00115322889333405,-0.00044677110666595005,6,6,low
2022-01-12,-0.00442514078301114,-0.0060251407830111394,6,6,low
2022-01-13,0.001323339315320811,-0.0002766606846791892,6,6,low
2022-01-14,-0.009848683526951885,-0.011448683526951886,6,6,low
2022-01-15,-0.014648022505966665,-0.016248022505966665,6,6,low
2022-01-16,0.001395396004023823,-0.000204603995976177,6,6,low
2022-01-17,-0.0010237785836236524,-0.0026237785836236522,6,6,low
2022-01-18,0.01770812585932985,0.016108125859329848,6,6,low
2022-01-19,0.03361175957727404,0.03201175957727404,6,6,low
2022-01-20,0.0291825526484442,0.0275825526484442,6,6,low
2022-01-21,0.038962390178090035,0.03736239017809004,6,6,low
2022-01-22,0.010502011459116277,0.008902011459116276,6,6,low
2022-01-23,0.0015967496811705537,-3.2503188294463487e-06,6,6,low
2022-01-24,-0.009856991274968595,-0.011456991274968596,6,6,low
2022-01-25,-0.026211710162122117,-0.027811710162122118,6,6,low
2022-01-26,-0.01725322834059336,-0.018853228340593362,6,6,low
2022-01-27,-0.03241568353217588,-0.03401568353217588,6,6,low
2022-01-28,-0.020672728415753735,-0.022272728415753736,6,6,low
2022-01-29,-0.011556037755544563,-0.013156037755544563,6,6,low
2022-01-30,-0.006734223862972615,-0.008334223862972615,6,6,low
2022-01-31,-0.00549177938452007,-0.00709177938452007,6,6,low
2022-02-01,-0.004413528983411026,-0.006013528983411026,6,6,low
2022-02-02,-0.0003984800126953861,-0.001998480012695386,6,6,low
2022-02-03,0.003918310274830396,0.002318310274830396,6,6,low
2022-02-04,-0.02028666815638363,-0.02188666815638363,6,6,low
2022-02-05,-0.008003063248170413,-0.009603063248170413,6,6,low
2022-02-06,-0.0010026409218045172,-0.002602640921804517,6,6,low
2022-02-07,0.015205491544849178,0.013605491544849177,6,6,low
2022-02-08,0.006455626249089019,0.004855626249089019,6,6,low
2022-02-09,0.004054044905601892,0.002454044905601892,6,6,low
2022-02-10,-0.006056568427045696,-0.0076565684270456956,6,6,low
2022-02-11,-5.317473624077626e-05,-0.0016531747362407763,6,6,low
2022-02-12,-0.007491003136497431,-0.009091003136497432,6,6,low
2022-02-13,-0.00998945051749792,-0.01158945051749792,6,6,low
2022-02-14,-0.009234644021935766,-0.010834644021935767,6,6,low
2022-02-15,0.013470456867150933,0.011870456867150932,6,6,low
2022-02-16,-0.0036657405844174318,-0.005265740584417432,6,6,low
2022-02-17,0.0075151035697322635,0.005915103569732264,6,6,low
2022-02-18,-0.005590335314772883,-0.007190335314772883,6,6,high
2022-02-19,-0.006354694294267382,-0.007954694294267383,6,6,high
2022-02-20,-0.0030558348948073535,-0.004655834894807353,6,6,high
2022-02-21,0.010496224498375322,0.008896224498375321,6,6,low
2022-02-22,-0.008649590338832946,-0.010249590338832947,6,6,low
2022-02-23,-0.008887391721362763,-0.010487391721362763,6,6,low
2022-02-24,-0.017657268337181495,-0.019257268337181496,6,6,low
2022-02-25,-0.007271606719103582,-0.008871606719103583,6,6,low
2022-02-26,-0.0011600360639333757,-0.0027600360639333755,6,6,low
2022-02-27,0.02710261931707432,0.02550261931707432,6,6,low
2022-02-28,-0.002144079683970639,-0.003744079683970639,6,6,low
2022-03-01,0.004313258077381109,0.002713258077381109,6,6,high
2022-03-02,0.01578014585151435,0.01418014585151435,6,6,high
2022-03-03,0.024616341898720792,0.02301634189872079,6,6,high
2022-03-04,0.003453883531173152,0.0018538835311731519,6,6,high
2022-03-05,0.000540532131832222,-0.001059467868167778,6,6,high
2022-03-06,0.003776023406001295,0.002176023406001295,6,6,high
2022-03-07,0.00666405040478158,0.00506405040478158,6,6,high
2022-03-08,-0.018453979125998353,-0.020053979125998354,6,6,high
2022-03-09,-0.025598718424901933,-0.027198718424901933,6,6,high
2022-03-10,-0.019864438874829537,-0.021464438874829538,6,6,high
2022-03-11,0.004350323713686017,0.0027503237136860172,6,6,high
2022-03-12,-0.00010098754575741829,-0.0017009875457574184,6,6,high
2022-03-13,0.005351410010955439,0.003751410010955439,6,6,high
2022-03-14,-0.0015360150154750674,-0.0031360150154750672,6,6,high
2022-03-15,0.012603291899502371,0.01100329189950237,6,6,high
2022-03-16,0.024641806645792772,0.02304180664579277,6,6,high
2022-03-17,0.0008758383113246721,-0.000724161688675328,6,6,high
2022-03-18,-0.00015248860806248762,-0.0017524886080624877,6,6,high
2022-03-19,0.0017942302388772521,0.00019423023887725206,6,6,high
2022-03-20,-0.02259121206958005,-0.02419121206958005,6,6,high
2022-03-21,-0.014536382357299323,-0.016136382357299323,6,6,high
2022-03-22,-0.00747922857071745,-0.00907922857071745,6,6,high
2022-03-23,-0.014221459269303518,-0.015821459269303517,6,6,high
2022-03-24,-0.028735387669916394,-0.030335387669916395,6,6,high
2022-03-25,-0.006481393726984499,-0.0080813937269845,6,6,high
2022-03-26,0.0004532367728131044,-0.0011467632271868957,6,6,high
2022-03-27,-0.013887354719142715,-0.015487354719142716,6,6,high
2022-03-28,-0.004961793607415353,-0.006561793607415353,6,6,high
2022-03-29,-0.016089886794132775,-0.017689886794132775,6,6,high
2022-03-30,0.00022998336021105154,-0.0013700166397889485,6,6,high
2022-03-31,-0.004945908454208725,-0.006545908454208725,6,6,low
2022-04-01,-0.0140130240121911,-0.0156130240121911,6,6,low
2022-04-02,0.005337535590313901,0.0037375355903139012,6,6,low
2022-04-03,-0.022269820234644938,-0.02386982023464494,6,6,low
2022-04-04,-0.013567207100281413,-0.015167207100281414,6,6,low
2022-04-05,-0.01133945216306266,-0.012939452163062661,6,6,low
2022-04-06,-0.0039604819499776695,-0.005560481949977669,6,6,low
2022-04-07,0.017544728670519417,0.015944728670519416,6,6,low
2022-04-08,0.011617516723600653,0.010017516723600652,6,6,low
2022-04-09,0.012690040378127466,0.011090040378127466,6,6,low
2022-04-10,0.0034262756327898183,0.0018262756327898182,6,6,low
2022-04-11,-0.0006829435623485515,-0.0022829435623485514,6,6,low
2022-04-12,0.017534084313677274,0.015934084313677273,6,6,low
2022-04-13,-0.008507594535002943,-0.010107594535002944,6,6,low
2022-04-14,-0.004775207705841328,-0.006375207705841328,6,6,low
2022-04-15,-0.005013727970271696,-0.006613727970271696,6,6,low
2022-04-16,-0.006052849494447414,-0.007652849494447414,6,6,low
2022-04-17,-0.00909742702608382,-0.010697427026083822,6,6,low
2022-04-18,0.010886802903500562,0.009286802903500561,6,6,low
2022-04-19,0.0017369047598450107,0.00013690475984501067,6,6,low
2022-04-20,0.00990053207047903,0.00830053207047903,6,6,low
2022-04-21,0.0010535048098398083,-0.0005464951901601918,6,6,low
2022-04-22,-0.004728928904687777,-0.006328928904687777,6,6,low
2022-04-23,-0.0035593459711905154,-0.005159345971190515,6,6,low
2022-04-24,0.010169524668674025,0.008569524668674024,6,6,low
2022-04-25,0.020235050965828952,0.018635050965828952,6,6,low
2022-04-26,0.021643004504887996,0.020043004504887996,6,6,low
2022-04-27,0.05929732413598984,0.057697324135989846,6,6,low
2022-04-28,0.04181826385996335,0.040218263859963355,6,6,low
2022-04-29,0.006362602210588056,0.004762602210588056,6,6,low
2022-04-30,0.00809249850594995,0.0064924985059499505,6,6,low
2022-05-01,-0.007177829607000412,-0.008777829607000413,6,6,low
2022-05-02,-0.009714729327317987,-0.011314729327317988,6,6,low
2022-05-03,0.0002851279971560561,-0.001314872002843944,6,6,low
2022-05-04,0.04263249218172183,0.041032492181721836,6,6,low
2022-05-05,0.058466154172040166,0.05686615417204017,6,6,low
2022-05-06,0.03235839685939974,0.030758396859399743,6,6,low
2022-05-07,0.009533390409178014,0.007933390409178013,6,6,low
2022-05-08,0.004819335252260554,0.003219335252260554,6,6,low
2022-05-09,0.03268488337029275,0.031084883370292752,6,6,low
2022-05-10,-0.03779715096965325,-0.039397150969653245,6,6,high
2022-05-11,0.015729240294200544,0.014129240294200544,6,6,high
2022-05-12,0.049544048541764946,0.04794404854176495,6,6,high
2022-05-13,0.008895574475967442,0.0072955744759674425,6,6,high
2022-05-14,0.011930505781721524,0.010330505781721523,6,6,high
2022-05-15,-0.033920059169839846,-0.03552005916983984,6,6,high
2022-05-16,-0.006016116994150124,-0.007616116994150124,6,6,high
2022-05-17,-0.021431354228286223,-0.023031354228286224,6,6,high
2022-05-18,-0.0037246744012204014,-0.005324674401220401,6,6,high
2022-05-19,0.006318025410435335,0.004718025410435335,6,6,high
2022-05-20,-0.007793250882037499,-0.0093932508820375,6,6,high
2022-05-21,-0.006042825617778376,-0.007642825617778376,6,6,high
2022-05-22,-0.026914377316337817,-0.028514377316337818,6,6,high
2022-05-23,-0.034669875514514406,-0.0362698755145144,6,6,high
2022-05-24,-0.024524923780373943,-0.026124923780373944,6,6,high
2022-05-25,-0.011202132945661393,-0.012802132945661394,6,6,high
2022-05-26,0.010102628632916864,0.008502628632916863,6,6,high
2022-05-27,0.01874141608729655,0.017141416087296548,6,6,high
2022-05-28,0.026650262178836363,0.025050262178836363,6,6,high
2022-05-29,0.0010704211609109983,-0.0005295788390890018,6,6,high
2022-05-30,-0.02524896184760053,-0.02684896184760053,6,6,high
2022-05-31,-0.024244364372304213,-0.025844364372304213,6,6,high
2022-06-01,-0.00691079719432728,-0.00851079719432728,6,6,high
2022-06-02,-0.015695037953828234,-0.017295037953828234,6,6,high
2022-06-03,-0.012102784145922644,-0.013702784145922645,6,6,high
2022-06-04,-0.027213428877072496,-0.028813428877072497,6,6,high
2022-06-05,-0.03834803705800585,-0.03994803705800585,6,6,high
2022-06-06,-0.03540816273550966,-0.03700816273550966,6,6,high
2022-06-07,-0.0017404404350234576,-0.0033404404350234574,6,6,high
2022-06-08,-0.0021792307777347003,-0.0037792307777347,6,6,high
2022-06-09,-0.03204867405306325,-0.033648674053063245,6,6,low
2022-06-10,-0.00394280322597404,-0.00554280322597404,6,6,low
2022-06-11,-0.010892085281518207,-0.012492085281518208,6,6,low
2022-06-12,-0.018600689059655204,-0.020200689059655205,6,6,low
2022-06-13,-0.017091102363482834,-0.018691102363482835,6,6,low
2022-06-14,-0.002451440245909989,-0.004051440245909989,6,6,high
2022-06-15,-0.011641278296134303,-0.013241278296134303,6,6,high
2022-06-16,-0.01240177279703535,-0.01400177279703535,6,6,high
2022-06-17,0.005222655682751466,0.0036226556827514663,6,6,high
2022-06-18,0.025733796487871018,0.024133796487871017,6,6,high
2022-06-19,0.011663368176698642,0.010063368176698641,6,6,high
2022-06-20,0.011124815498085229,0.009524815498085228,6,6,high
2022-06-21,0.016971269845857326,0.015371269845857325,6,6,high
2022-06-22,0.015138413257575409,0.013538413257575408,6,6,high
2022-06-23,-0.0028154743688346973,-0.004415474368834697,6,6,high
2022-06-24,0.007896108286714125,0.0062961082867141254,6,6,high
2022-06-25,0.03883219766422831,0.03723219766422831,6,6,high
2022-06-26,0.019089451639461814,0.017489451639461813,6,6,high
2022-06-27,0.017711210390419695,0.016111210390419694,6,6,high
2022-06-28,-0.01235989104380127,-0.01395989104380127,6,6,high
2022-06-29,0.0011593512736865564,-0.0004406487263134437,6,6,high
2022-06-30,-0.006347570251245991,-0.007947570251245992,6,6,high
2022-07-01,0.019707310579703104,0.018107310579703103,6,6,high
2022-07-02,-0.00026236058771959836,-0.0018623605877195984,6,6,high
2022-07-03,0.01141719401267326,0.00981719401267326,6,6,high
2022-07-04,0.019514420093624543,0.017914420093624542,6,6,high
2022-07-05,0.016247142188509124,0.014647142188509123,6,6,high
2022-07-06,-0.011088759094247502,-0.012688759094247503,6,6,high
2022-07-07,-0.0012888865213731941,-0.002888886521373194,6,6,high
2022-07-08,0.010725440043166695,0.009125440043166694,6,6,high
2022-07-09,0.005526996371710974,0.003926996371710974,6,6,high
2022-07-10,-0.013901386375899133,-0.015501386375899134,6,6,high
2022-07-11,-0.04837512897545744,-0.04997512897545744,6,6,high
2022-07-12,-0.027971025455424868,-0.02957102545542487,6,6,high
2022-07-13,-0.00022230075640342767,-0.0018223007564034277,6,6,high
2022-07-14,-0.0004244246592222875,-0.0020244246592222874,6,6,high
2022-07-15,0.006866552187608552,0.005266552187608552,6,6,high
2022-07-16,-0.006175450511957163,-0.007775450511957163,6,6,high
2022-07-17,0.011621127041063169,0.010021127041063168,6,6,low
2022-07-18,-0.009428239349112442,-0.011028239349112443,6,6,low
2022-07-19,-0.006095284898947041,-0.007695284898947041,6,6,low
2022-07-20,0.019838128969858843,0.018238128969858842,6,6,low
2022-07-21,-0.020374577676897848,-0.02197457767689785,6,6,low
2022-07-22,-0.028830344124086648,-0.03043034412408665,6,6,low
2022-07-23,-0.011872231361561847,-0.013472231361561848,6,6,low
2022-07-24,0.016623542909141104,0.015023542909141104,6,6,low
2022-07-25,0.04296706356575117,0.04136706356575117,6,6,low
2022-07-26,0.012327427265200516,0.010727427265200516,6,6,low
2022-07-27,-0.0041505235628455615,-0.005750523562845561,6,6,low
2022-07-28,-0.01876271446311544,-0.020362714463115442,6,6,low
2022-07-29,0.010133998096410484,0.008533998096410483,6,6,low
2022-07-30,-0.0017084890112582865,-0.0033084890112582864,6,6,low
2022-07-31,-0.004993875884734111,-0.0065938758847341105,6,6,low
2022-08-01,0.01685527838980715,0.015255278389807149,6,6,low
2022-08-02,0.014532882931258342,0.012932882931258341,6,6,low
2022-08-03,0.009845255779430299,0.008245255779430298,6,6,low
2022-08-04,-0.003339322311062383,-0.004939322311062383,6,6,low
2022-08-05,0.014252489978348111,0.01265248997834811,6,6,low
2022-08-06,-0.011420301033760807,-0.013020301033760808,6,6,low
2022-08-07,-0.001076217111389187,-0.0026762171113891868,6,6,low
2022-08-08,0.009665367101454157,0.008065367101454156,6,6,low
2022-08-09,-0.00046803459247478363,-0.0020680345924747835,6,6,low
2022-08-10,-0.020673072356577997,-0.022273072356577998,6,6,low
2022-08-11,-0.010320560973483573,-0.011920560973483573,6,6,low
2022-08-12,-0.01226749737551593,-0.01386749737551593,6,6,low
2022-08-13,-0.013412939680170075,-0.015012939680170076,6,6,low
2022-08-14,-0.014722715982700234,-0.016322715982700235,6,6,low
2022-08-15,0.007366990921364572,0.005766990921364572,6,6,low
2022-08-16,-0.019573435700020583,-0.021173435700020584,6,6,low
2022-08-17,-0.01545732281130606,-0.01705732281130606,6,6,low
2022-08-18,-0.032243688585342996,-0.03384368858534299,6,6,low
2022-08-19,0.00954125503914392,0.007941255039143919,6,6,low
2022-08-20,0.00478158281710479,0.0031815828171047897,6,6,low
2022-08-21,0.013411939870426472,0.011811939870426471,6,6,low
2022-08-22,0.005747845232484184,0.0041478452324841845,6,6,low
2022-08-23,0.021255452584604283,0.019655452584604282,6,6,low
2022-08-24,0.009927455495539361,0.00832745549553936,6,6,low
2022-08-25,0.018511411876669125,0.016911411876669124,6,6,low
2022-08-26,-0.012654133209842634,-0.014254133209842635,6,6,low
2022-08-27,0.00392020439187598,0.0023202043918759798,6,6,low
2022-08-28,0.004525027047644108,0.0029250270476441085,6,6,low
2022-08-29,0.02039712382277133,0.01879712382277133,6,6,low
2022-08-30,0.017197966155160515,0.015597966155160514,6,6,low
2022-08-31,0.005207182849831222,0.0036071828498312223,6,6,low
2022-09-01,0.007960013250396593,0.006360013250396593,6,6,low
2022-09-02,-0.01630616380741712,-0.017906163807417122,6,6,low
2022-09-03,-0.024109171402677085,-0.025709171402677086,6,6,low
2022-09-04,-0.032782441367861695,-0.03438244136786169,6,6,low
2022-09-05,-0.0021690018267208648,-0.0037690018267208646,6,6,low
2022-09-06,0.016559985560967348,0.014959985560967348,6,6,low
2022-09-07,0.00230395172017981,0.0007039517201798101,6,6,low
2022-09-08,0.0006387038522117222,-0.0009612961477882779,6,6,low
2022-09-09,-0.012618544209026382,-0.014218544209026383,6,6,low
2022-09-10,-0.012843851277104669,-0.01444385127710467,6,6,low
2022-09-11,-0.006828882724566485,-0.008428882724566485,6,6,low
2022-09-12,-0.0043085060860669905,-0.00590850608606699,6,6,low
2022-09-13,0.021820447931349598,0.020220447931349597,6,6,low
2022-09-14,-0.030790139284989096,-0.03239013928498909,6,6,high
2022-09-15,0.007945530625771392,0.0063455306257713924,6,6,high
2022-09-16,-0.008344780716798703,-0.009944780716798704,6,6,high
2022-09-17,-0.02596682436811744,-0.02756682436811744,6,6,high
2022-09-18,-0.022700807685142706,-0.024300807685142707,6,6,high
2022-09-19,0.021582392158276037,0.019982392158276036,6,6,low
2022-09-20,0.024104932466059686,0.022504932466059686,6,6,low
2022-09-21,0.019202154968136504,0.017602154968136503,6,6,low
2022-09-22,0.006226755387633729,0.0046267553876337296,6,6,low
2022-09-23,0.02591587326699029,0.02431587326699029,6,6,high
2022-09-24,0.020758656621895057,0.019158656621895056,6,6,high
2022-09-25,0.018386069805834737,0.016786069805834736,6,6,high
2022-09-26,0.010294242231219407,0.008694242231219406,6,6,low
2022-09-27,-0.0003149375101853787,-0.0019149375101853788,6,6,low
2022-09-28,-0.016443203373828628,-0.01804320337382863,6,6,low
2022-09-29,-0.022097206022773624,-0.023697206022773625,6,6,low
2022-09-30,0.00017972808875931444,-0.0014202719112406856,6,6,low
2022-10-01,0.015193359555737234,0.013593359555737233,6,6,low
2022-10-02,0.005923498902880117,0.004323498902880117,6,6,low
2022-10-03,0.003447682173833082,0.001847682173833082,6,6,low
2022-10-04,0.0074064103061056465,0.005806410306105647,6,6,low
2022-10-05,0.0067622588900568565,0.005162258890056857,6,6,low
2022-10-06,0.00936227872445514,0.00776227872445514,6,6,low
2022-10-07,0.010624437216461937,0.009024437216461937,6,6,low
2022-10-08,-0.002029861633179815,-0.003629861633179815,6,6,low
2022-10-09,-0.0048640035142877985,-0.006464003514287798,6,6,low
2022-10-10,-0.020602840964376364,-0.022202840964376365,6,6,low
2022-10-11,0.006690315208018253,0.0050903152080182534,6,6,low
2022-10-12,0.008028448333696687,0.006428448333696687,6,6,low
2022-10-13,0.0007151183817851957,-0.0008848816182148043,6,6,low
2022-10-14,-0.013146854019196574,-0.014746854019196575,6,6,low
2022-10-15,-0.004698490408737897,-0.006298490408737897,6,6,low
2022-10-16,0.01682816048587464,0.01522816048587464,6,6,low
2022-10-17,0.02372740031286105,0.022127400312861048,6,6,low
2022-10-18,0.005019000924787969,0.0034190009247879695,6,6,low
2022-10-19,-0.010222641123026843,-0.011822641123026844,6,6,low
2022-10-20,-0.010203082824766788,-0.011803082824766789,6,6,low
2022-10-21,0.0045597859937557975,0.0029597859937557976,6,6,low
2022-10-22,0.002930833605233576,0.0013308336052335757,6,6,low
2022-10-23,0.012775044549141117,0.011175044549141117,6,6,low
2022-10-24,0.012375898890916375,0.010775898890916374,6,6,low
2022-10-25,0.01571316023570021,0.014113160235700209,6,6,low
2022-10-26,0.03357352509686276,0.031973525096862764,6,6,low
2022-10-27,0.03809868677535427,0.03649868677535427,6,6,low
2022-10-28,0.021479074704847292,0.01987907470484729,6,6,low
2022-10-29,0.015245317912001422,0.013645317912001421,6,6,low
2022-10-30,0.0029486879289515487,0.0013486879289515486,6,6,low
2022-10-31,-0.018392856114673083,-0.019992856114673083,6,6,low
2022-11-01,-0.043272324606963536,-0.04487232460696353,6,6,low
2022-11-02,-0.019904431174041518,-0.021504431174041518,6,6,low
2022-11-03,-0.00907319592373514,-0.01067319592373514,6,6,low
2022-11-04,0.0042108413033886405,0.0026108413033886406,6,6,low
2022-11-05,0.003908574435335016,0.002308574435335016,6,6,low
2022-11-06,-0.017383026506159832,-0.018983026506159833,6,6,low
2022-11-07,0.017804081616733303,0.016204081616733302,6,6,low
2022-11-08,0.031634118920941826,0.030034118920941825,6,6,low
2022-11-09,-0.025539243943223454,-0.027139243943223455,6,6,low
2022-11-10,0.002813593339243553,0.001213593339243553,6,6,high
2022-11-11,0.028590211592666608,0.026990211592666607,6,6,high
2022-11-12,0.02127561991946019,0.01967561991946019,6,6,high
2022-11-13,0.013335307082249484,0.011735307082249484,6,6,high
2022-11-14,0.0002090896856510923,-0.0013909103143489078,6,6,high
2022-11-15,-0.004620790416662876,-0.0062207904166628756,6,6,high
2022-11-16,-0.010185567682054126,-0.011785567682054127,6,6,high
2022-11-17,0.007560461738235186,0.005960461738235186,6,6,high
2022-11-18,-0.01675435208084612,-0.018354352080846122,6,6,high
2022-11-19,0.01225609654006448,0.01065609654006448,6,6,high
2022-11-20,0.010819036028770344,0.009219036028770344,6,6,high
2022-11-21,0.012832372411629836,0.011232372411629835,6,6,high
2022-11-22,0.01638214285978959,0.014782142859789588,6,6,high
2022-11-23,-0.017950722223973703,-0.019550722223973704,6,6,high
2022-11-24,0.014025325917597484,0.012425325917597483,6,6,high
2022-11-25,3.710947973159431e-05,-0.0015628905202684058,6,6,high
2022-11-26,-0.006747514207192523,-0.008347514207192524,6,6,high
2022-11-27,0.0010042483046190688,-0.0005957516953809313,6,6,high
2022-11-28,0.0067183636216151185,0.005118363621615119,6,6,high
2022-11-29,0.021301868352419026,0.019701868352419025,6,6,high
2022-11-30,0.021317582852642174,0.019717582852642173,6,6,high
2022-12-01,0.00060321013358794,-0.00099678986641206,6,6,high
2022-12-02,0.011136965987840561,0.00953696598784056,6,6,high
2022-12-03,-7.885663209785797e-05,-0.001678856632097858,6,6,high
2022-12-04,0.006000715094382918,0.0044007150943829185,6,6,high
2022-12-05,0.0023258878884303866,0.0007258878884303865,6,6,high
2022-12-06,0.004231067397241141,0.002631067397241141,6,6,high
2022-12-07,0.001296486093862433,-0.00030351390613756715,6,6,high
2022-12-08,-0.003127107071789783,-0.004727107071789783,6,6,high
2022-12-09,-0.007850591373308707,-0.009450591373308708,6,6,high
2022-12-10,0.016724977646660276,0.015124977646660275,6,6,low
2022-12-11,0.017052084238163758,0.015452084238163757,6,6,low
2022-12-12,0.011699151000157743,0.010099151000157743,6,6,low
2022-12-13,0.04517740838883979,0.04357740838883979,6,6,low
2022-12-14,0.026199080639533502,0.0245990806395335,6,6,low
2022-12-15,0.021397805529369082,0.01979780552936908,6,6,low
2022-12-16,0.006675176073722642,0.005075176073722642,6,6,low
2022-12-17,0.015257713180398437,0.013657713180398436,6,6,low
2022-12-18,0.0074681826291762505,0.005868182629176251,6,6,low
2022-12-19,-0.007790119773375572,-0.009390119773375573,6,6,low
2022-12-20,-0.0075293657896127785,-0.009129365789612778,6,6,low
2022-12-21,-0.0032647729976265387,-0.0048647729976265385,6,6,low
2022-12-22,0.0047649992475137844,0.0031649992475137846,6,6,low
2022-12-23,0.003423062982297353,0.001823062982297353,6,6,low
2022-12-24,-0.007810567894178643,-0.009410567894178642,6,6,low
2022-12-25,0.00994002703240295,0.00834002703240295,6,6,low
2022-12-26,0.017886962223976812,0.01628696222397681,6,6,low
2022-12-27,-0.0005581474132670891,-0.002158147413267089,6,6,low
2022-12-28,-0.005461511494747605,-0.007061511494747605,6,6,low
2022-12-29,-0.0031566079954918258,-0.004756607995491826,6,6,low
2022-12-30,-0.009368930983534765,-0.010968930983534766,6,6,low
2022-12-31,-0.0110801751385665,-0.0126801751385665,6,6,low
2023-01-01,-0.023265403134486686,-0.024865403134486687,6,6,low
2023-01-02,-0.014028997674536607,-0.015628997674536606,6,6,low
2023-01-03,-0.008238027980443471,-0.009838027980443472,6,6,low
2023-01-04,-0.0028582236090203073,-0.004458223609020307,6,6,low
2023-01-05,0.01611101700464004,0.01451101700464004,6,6,low
2023-01-06,0.027055939101618055,0.025455939101618055,6,6,low
2023-01-07,0.02545634165961376,0.02385634165961376,6,6,low
2023-01-08,0.009703433219732178,0.008103433219732177,6,6,low
2023-01-09,-0.006367413726896587,-0.007967413726896588,6,6,low
2023-01-10,-0.004905849172330258,-0.006505849172330258,6,6,low
2023-01-11,0.04068574033446839,0.03908574033446839,6,6,low
2023-01-12,0.019140990110772062,0.01754099011077206,6,6,low
2023-01-13,0.02980283369564516,0.02820283369564516,6,6,low
2023-01-14,-0.0003129588139490838,-0.0019129588139490839,6,6,low
2023-01-15,-0.008652047775464373,-0.010252047775464374,6,6,low
2023-01-16,-0.007773312385695159,-0.00937331238569516,6,6,low
2023-01-17,0.007056483847197443,0.005456483847197443,6,6,low
2023-01-18,0.016828906987922353,0.015228906987922352,6,6,low
2023-01-19,0.01334806815502957,0.01174806815502957,6,6,low
2023-01-20,0.008441170057073438,0.006841170057073438,6,6,low
2023-01-21,-0.004829761284404724,-0.006429761284404724,6,6,low
2023-01-22,0.005638600222155818,0.004038600222155818,6,6,low
2023-01-23,0.001560734454292971,-3.926554570702918e-05,6,6,low
2023-01-24,-0.0037910991621892265,-0.005391099162189226,6,6,low
2023-01-25,-0.03122613900958346,-0.032826139009583456,6,6,low
2023-01-26,0.0008307554300173194,-0.0007692445699826807,6,6,low
2023-01-27,-0.022572685357416685,-0.024172685357416686,6,6,low
2023-01-28,-0.01902429656915402,-0.02062429656915402,6,6,low
2023-01-29,-0.00033371036278633865,-0.0019337103627863387,6,6,low
2023-01-30,0.001449878193960346,-0.0001501218060396541,6,6,low
2023-01-31,0.007195342978299296,0.005595342978299296,6,6,low
2023-02-01,-0.00701359856484856,-0.00861359856484856,6,6,low
2023-02-02,0.0037565804596203173,0.0021565804596203175,6,6,low
2023-02-03,0.00958073288454454,0.007980732884544539,6,6,low
2023-02-04,0.0009285301125579273,-0.0006714698874420728,6,6,low
2023-02-05,0.0032035192319692695,0.0016035192319692694,6,6,low
2023-02-06,0.0007995471021761923,-0.0008004528978238078,6,6,low
2023-02-07,0.005130201865746635,0.003530201865746635,6,6,low
2023-02-08,-0.0047395109948687245,-0.006339510994868724,6,6,low
2023-02-09,-0.0029896299913395466,-0.0045896299913395465,6,6,low
2023-02-10,-0.010256773149799246,-0.011856773149799247,6,6,low
2023-02-11,-0.00629025921079227,-0.007890259210792271,6,6,low
2023-02-12,0.0003690508186332403,-0.0012309491813667598,6,6,low
2023-02-13,0.01337963771879349,0.011779637718793489,6,6,low
2023-02-14,0.024360842850219545,0.022760842850219544,6,6,low
2023-02-15,-0.002665311026574428,-0.004265311026574428,6,6,low
2023-02-16,-0.0036676138664214243,-0.005267613866421424,6,6,low
2023-02-17,0.0007326051285725856,-0.0008673948714274145,6,6,low
2023-02-18,0.014881276716394182,0.013281276716394182,6,6,low
2023-02-19,-0.010631201243201398,-0.012231201243201399,6,6,low
2023-02-20,-0.01717645617904562,-0.01877645617904562,6,6,low
2023-02-21,-0.026895149640337856,-0.028495149640337857,6,6,low
2023-02-22,-0.02800426932350368,-0.02960426932350368,6,6,low
2023-02-23,-0.02153712976992477,-0.02313712976992477,6,6,low
2023-02-24,-0.006544163562866846,-0.008144163562866846,6,6,low
2023-02-25,0.005874001937469303,0.004274001937469303,6,6,low
2023-02-26,-0.0005942094812509918,-0.002194209481250992,6,6,low
2023-02-27,0.0035207384631359934,0.0019207384631359933,6,6,low
2023-02-28,0.0031707353108426147,0.0015707353108426146,6,6,low
2023-03-01,0.02993868963354367,0.02833868963354367,6,6,low
2023-03-02,0.013256251262950863,0.011656251262950862,6,6,low
2023-03-03,0.005266903318905688,0.0036669033189056883,6,6,low
2023-03-04,0.0005010460108049314,-0.0010989539891950687,6,6,low
2023-03-05,0.030440898462441406,0.028840898462441405,6,6,low
2023-03-06,0.019614358903664794,0.018014358903664793,6,6,low
2023-03-07,0.005616544669512016,0.0040165446695120165,6,6,low
2023-03-08,0.018879156867449905,0.017279156867449904,6,6,low
2023-03-09,-0.004418406602526029,-0.006018406602526029,6,6,low
2023-03-10,-0.02385025484681992,-0.025450254846819922,6,6,low
2023-03-11,-0.03702357188906547,-0.03862357188906547,6,6,low
2023-03-12,0.01607096394826392,0.014470963948263919,6,6,low
2023-03-13,0.01637260023052874,0.014772600230528739,6,6,low
2023-03-14,-0.009240725628475022,-0.010840725628475023,6,6,high
2023-03-15,0.0029810267422547693,0.0013810267422547692,6,6,high
2023-03-16,0.015168157913776622,0.013568157913776621,6,6,high
2023-03-17,-0.012914601526041444,-0.014514601526041445,6,6,high
2023-03-18,0.02958189166719482,0.02798189166719482,6,6,high
2023-03-19,0.016267161764846598,0.014667161764846597,6,6,high
2023-03-20,0.007009638485083732,0.005409638485083732,6,6,high
2023-03-21,0.012525024689910862,0.010925024689910861,6,6,high
2023-03-22,0.002990581557186514,0.0013905815571865138,6,6,high
2023-03-23,-0.007282181576608543,-0.008882181576608543,6,6,high
2023-03-24,-0.009258691521243088,-0.010858691521243089,6,6,high
2023-03-25,-0.012323744679895558,-0.013923744679895558,6,6,high
2023-03-26,-0.014617674461104832,-0.016217674461104833,6,6,high
2023-03-27,-0.014543957688353721,-0.01614395768835372,6,6,high
2023-03-28,-0.016596745586072485,-0.018196745586072486,6,6,high
2023-03-29,-0.006926360953527441,-0.008526360953527441,6,6,high
2023-03-30,0.0006963307552891836,-0.0009036692447108165,6,6,high
2023-03-31,0.012073027408771971,0.01047302740877197,6,6,high
2023-04-01,0.003234441890025301,0.001634441890025301,6,6,high
2023-04-02,-0.011382816979608275,-0.012982816979608276,6,6,high
2023-04-03,0.012772655207931497,0.011172655207931497,6,6,high
2023-04-04,0.014038816306772537,0.012438816306772536,6,6,high
2023-04-05,0.015293151618640834,0.013693151618640834,6,6,high
2023-04-06,0.01047272853502495,0.00887272853502495,6,6,high
2023-04-07,-0.0016438902655196604,-0.0032438902655196602,6,6,high
2023-04-08,0.0041405713517582605,0.0025405713517582607,6,6,high
2023-04-09,-0.018827793673493586,-0.020427793673493587,6,6,low
2023-04-10,-0.011597686877495768,-0.013197686877495769,6,6,low
2023-04-11,-0.003913957837536446,-0.0055139578375364455,6,6,low
2023-04-12,-0.007211947101139746,-0.008811947101139746,6,6,low
2023-04-13,-0.003717365593171887,-0.005317365593171887,6,6,low
2023-04-14,0.001186357360690709,-0.00041364263930929114,6,6,low
2023-04-15,0.01049851070013553,0.00889851070013553,6,6,low
2023-04-16,-0.004913867392178237,-0.0065138673921782365,6,6,low
2023-04-17,-0.014389728643241471,-0.015989728643241472,6,6,low
2023-04-18,-0.016927084195073272,-0.018527084195073273,6,6,low
2023-04-19,-0.019944502349294103,-0.021544502349294104,6,6,low
2023-04-20,-0.014606381766201947,-0.016206381766201948,6,6,low
2023-04-21,0.00279246870317916,0.00119246870317916,6,6,low
2023-04-22,0.009324183647841083,0.007724183647841083,6,6,low
2023-04-23,0.0016860281837585782,8.602818375857816e-05,6,6,low
2023-04-24,-0.00404488702456858,-0.00564488702456858,6,6,low
2023-04-25,0.004301102504254971,0.0027011025042549715,6,6,low
2023-04-26,-0.004750669331818308,-0.006350669331818308,6,6,low
2023-04-27,0.008074484345493016,0.006474484345493016,6,6,low
2023-04-28,0.0026528127205667443,0.0010528127205667443,6,6,low
2023-04-29,-7.113425092173525e-05,-0.0016711342509217353,6,6,low
2023-04-30,-0.00038215437778632696,-0.0019821543777863273,6,6,low
2023-05-01,-0.004581261913321734,-0.006181261913321734,6,6,low
2023-05-02,0.0001340649558447156,-0.0014659350441552845,6,6,low
2023-05-03,0.00813012870167931,0.006530128701679311,6,6,low
2023-05-04,0.005006130549274835,0.003406130549274835,6,6,low
2023-05-05,0.009798237067324564,0.008198237067324563,6,6,low
2023-05-06,0.009818064839268711,0.00821806483926871,6,6,low
2023-05-07,0.0007420244588396546,-0.0008579755411603455,6,6,low
2023-05-08,-0.013033014212539825,-0.014633014212539826,6,6,low
2023-05-09,0.0036738092854271404,0.0020738092854271405,6,6,low
2023-05-10,0.006389737993146823,0.004789737993146823,6,6,low
2023-05-11,-0.005052341443570321,-0.006652341443570321,6,6,low
2023-05-12,-0.001370730882748956,-0.002970730882748956,6,6,low
2023-05-13,-0.001493907825460941,-0.003093907825460941,6,6,low
2023-05-14,0.0011239361521349356,-0.0004760638478650645,6,6,low
2023-05-15,0.006734120644756911,0.005134120644756911,6,6,low
2023-05-16,-0.0037615375773770894,-0.005361537577377089,6,6,low
2023-05-17,0.0035602482902923234,0.0019602482902923235,6,6,low
2023-05-18,0.0073584659474130705,0.005758465947413071,6,6,low
2023-05-19,0.004140974999643131,0.002540974999643131,6,6,low
2023-05-20,0.0020327805071481257,0.0004327805071481256,6,6,low
2023-05-21,6.33045624709493e-05,-0.0015366954375290508,6,6,low
2023-05-22,0.0034545904570538657,0.0018545904570538656,6,6,low
2023-05-23,0.006551605970431749,0.004951605970431749,6,6,low
2023-05-24,0.003005482772933882,0.001405482772933882,6,6,low
2023-05-25,-0.004087506216355542,-0.005687506216355542,6,6,low
2023-05-26,-0.0007327102994518827,-0.0023327102994518826,6,6,low
2023-05-27,0.0017425579052459568,0.00014255790524595672,6,6,low
2023-05-28,0.009915465356599476,0.008315465356599475,6,6,low
2023-05-29,-0.005908919691683516,-0.007508919691683516,6,6,low
2023-05-30,-0.010568788194689158,-0.012168788194689159,6,6,low
2023-05-31,-0.008857800862447772,-0.010457800862447773,6,6,low
2023-06-01,-0.007497562685483267,-0.009097562685483267,6,6,low
2023-06-02,-0.005483276138238478,-0.007083276138238478,6,6,low
2023-06-03,0.0036895216403770408,0.002089521640377041,6,6,low
2023-06-04,0.014182549125793018,0.012582549125793017,6,6,low
2023-06-05,0.006690448184133548,0.005090448184133548,6,6,low
2023-06-06,0.00881794180223475,0.00721794180223475,6,6,low
2023-06-07,0.024486541571068422,0.02288654157106842,6,6,low
2023-06-08,0.03331922489877349,0.03171922489877349,6,6,low
2023-06-09,0.019102399203863578,0.017502399203863577,6,6,low
2023-06-10,-0.005852935959858235,-0.0074529359598582345,6,6,low
2023-06-11,-0.014314782433524395,-0.015914782433524396,6,6,low
2023-06-12,-0.013515395796329164,-0.015115395796329164,6,6,low
2023-06-13,0.003862882771987571,0.002262882771987571,6,6,low
2023-06-14,-0.004149582897254847,-0.005749582897254847,6,6,low
2023-06-15,0.0023151775695464064,0.0007151775695464063,6,6,low
2023-06-16,-0.00959116539393451,-0.011191165393934511,6,6,low
2023-06-17,-0.012326289953165715,-0.013926289953165716,6,6,low
2023-06-18,-0.005457510877275362,-0.007057510877275362,6,6,low
2023-06-19,-0.00989022966138503,-0.011490229661385031,6,6,low
2023-06-20,-0.011265033447924157,-0.012865033447924158,6,6,low
2023-06-21,0.005083875423665821,0.003483875423665821,6,6,low
2023-06-22,0.0013824148342771875,-0.0002175851657228126,6,6,low
2023-06-23,0.0005839475629532409,-0.0010160524370467592,6,6,low
2023-06-24,-0.006587334603478196,-0.008187334603478195,6,6,low
2023-06-25,0.017497167750024696,0.015897167750024695,6,6,low
2023-06-26,-0.021642135041266483,-0.023242135041266484,6,6,low
2023-06-27,0.006277547425713266,0.0046775474257132665,6,6,low
2023-06-28,0.03143357058518148,0.02983357058518148,6,6,low
2023-06-29,0.014667416493670041,0.01306741649367004,6,6,low
2023-06-30,-0.015432497426961591,-0.01703249742696159,6,6,low
2023-07-01,-0.024172948386990932,-0.025772948386990933,6,6,low
2023-07-02,-0.016626244549001988,-0.01822624454900199,6,6,low
2023-07-03,-0.0014615133558693247,-0.0030615133558693245,6,6,low
2023-07-04,0.004533433891003927,0.002933433891003927,6,6,low
2023-07-05,0.0011930477805618621,-0.00040695221943813794,6,6,low
2023-07-06,-0.0030358252050535547,-0.0046358252050535545,6,6,low
2023-07-07,-0.008033642642131997,-0.009633642642131998,6,6,low
2023-07-08,0.009768427987685374,0.008168427987685373,6,6,low
2023-07-09,0.004488753639179043,0.002888753639179043,6,6,low
2023-07-10,-0.020998960648302256,-0.022598960648302257,6,6,low
2023-07-11,0.045168106678818765,0.04356810667881877,6,6,low
2023-07-12,0.027873241384496813,0.026273241384496812,6,6,low
2023-07-13,0.021706673800033556,0.020106673800033555,6,6,low
2023-07-14,-0.004550626916469656,-0.0061506269164696556,6,6,low
2023-07-15,-0.0028977307854932844,-0.004497730785493284,6,6,low
2023-07-16,0.026687084814858368,0.025087084814858367,6,6,low
2023-07-17,0.02315970291079562,0.02155970291079562,6,6,low
2023-07-18,0.025088064744147282,0.02348806474414728,6,6,low
2023-07-19,-0.007192044519301772,-0.008792044519301772,6,6,low
2023-07-20,-0.020745788264143833,-0.022345788264143834,6,6,low
2023-07-21,-0.0028009600820971467,-0.0044009600820971466,6,6,low
2023-07-22,0.0068416245119004866,0.005241624511900487,6,6,low
2023-07-23,-0.00131801146776174,-0.00291801146776174,6,6,low
2023-07-24,0.010426709525534369,0.008826709525534368,6,6,low
2023-07-25,0.003684134498327359,0.002084134498327359,6,6,low
2023-07-26,0.005907499590021389,0.004307499590021389,6,6,low
2023-07-27,-0.006990058250592073,-0.008590058250592073,6,6,low
2023-07-28,-0.0027051493485939562,-0.004305149348593956,6,6,low
2023-07-29,-0.00017786154584570855,-0.0017778615458457086,6,6,low
2023-07-30,-0.013600716996416903,-0.015200716996416903,6,6,low
2023-07-31,-0.00830458307113455,-0.009904583071134551,6,6,low
2023-08-01,-0.019704013728105072,-0.021304013728105073,6,6,low
2023-08-02,-0.000891634191674073,-0.002491634191674073,6,6,low
2023-08-03,-0.0038232830560927036,-0.0054232830560927035,6,6,low
2023-08-04,-0.010423681717526258,-0.012023681717526259,6,6,low
2023-08-05,-0.0036975876988054844,-0.005297587698805484,6,6,low
2023-08-06,-0.006530390882469704,-0.008130390882469704,6,6,low
2023-08-07,-0.005330649161403625,-0.0069306491614036245,6,6,low
2023-08-08,-0.0023273103360756473,-0.003927310336075647,6,6,low
2023-08-09,0.006116280178767411,0.004516280178767411,6,6,low
2023-08-10,-0.00043858396268230387,-0.0020385839626823037,6,6,low
2023-08-11,0.0029900013721828604,0.0013900013721828604,6,6,low
2023-08-12,-0.012160334858560592,-0.013760334858560593,6,6,low
2023-08-13,-0.011427785058638111,-0.013027785058638112,6,6,low
2023-08-14,-0.0171888141867772,-0.018788814186777202,6,6,low
2023-08-15,-0.011346258449143616,-0.012946258449143617,6,6,low
2023-08-16,-0.0044039899507950404,-0.00600398995079504,6,6,low
2023-08-17,-0.011930425752936121,-0.013530425752936122,6,6,low
2023-08-18,-0.010478032824512595,-0.012078032824512596,6,6,low
2023-08-19,-0.0030935333148466746,-0.0046935333148466745,6,6,low
2023-08-20,-0.004881100793938278,-0.006481100793938278,6,6,low
2023-08-21,0.003415156368154364,0.001815156368154364,6,6,low
2023-08-22,0.011477088753104953,0.009877088753104953,6,6,low
2023-08-23,0.0023976766635089835,0.0007976766635089834,6,6,low
2023-08-24,-0.0038203542665855893,-0.005420354266585589,6,6,low
2023-08-25,-0.01333159940398663,-0.01493159940398663,6,6,low
2023-08-26,-0.011657584262027815,-0.013257584262027815,6,6,low
2023-08-27,-0.0023873552914559885,-0.003987355291455988,6,6,low
2023-08-28,0.012852686259297747,0.011252686259297746,6,6,low
2023-08-29,0.015837154841492264,0.014237154841492263,6,6,low
2023-08-30,-0.006523998851587165,-0.008123998851587166,6,6,low
2023-08-31,-0.007018577703721102,-0.008618577703721103,6,6,low
2023-09-01,-0.011538506631059299,-0.0131385066310593,6,6,low
2023-09-02,-0.004078089121750862,-0.005678089121750862,6,6,low
2023-09-03,-0.0017208103892944158,-0.0033208103892944157,6,6,low
2023-09-04,0.00385714074717481,0.0022571407471748102,6,6,low
2023-09-05,0.009905571872858612,0.008305571872858611,6,6,low
2023-09-06,0.006164186885282701,0.004564186885282701,6,6,low
2023-09-07,0.006616985126993923,0.005016985126993923,6,6,low
2023-09-08,0.0032903151424886617,0.0016903151424886617,6,6,low
2023-09-09,-0.0024652485423802342,-0.004065248542380234,6,6,low
2023-09-10,0.0033067466910591623,0.0017067466910591622,6,6,low
2023-09-11,-0.004320138608727982,-0.005920138608727982,6,6,low
2023-09-12,-0.010873585957117994,-0.012473585957117995,6,6,low
2023-09-13,-0.012042411813825631,-0.013642411813825632,6,6,low
2023-09-14,0.004174650967309074,0.0025746509673090744,6,6,low
2023-09-15,-0.0014154935609633219,-0.003015493560963322,6,6,low
2023-09-16,0.00279651095946919,0.00119651095946919,6,6,low
2023-09-17,0.002674540487514374,0.0010745404875143738,6,6,low
2023-09-18,0.00022498970355637124,-0.0013750102964436288,6,6,low
2023-09-19,0.0012584356810122627,-0.0003415643189877374,6,6,low
2023-09-20,0.005051403515254268,0.0034514035152542685,6,6,low
2023-09-21,0.005252654554571782,0.0036526545545717826,6,6,low
2023-09-22,0.00030421481698351916,-0.001295785183016481,6,6,low
2023-09-23,-0.0026148098253075524,-0.004214809825307552,6,6,low
2023-09-24,0.0005551986938288635,-0.0010448013061711366,6,6,low
2023-09-25,-0.0031667684261245336,-0.0047667684261245334,6,6,low
2023-09-26,0.008584716512676956,0.006984716512676956,6,6,low
2023-09-27,0.002071102594675713,0.0004711025946757131,6,6,low
2023-09-28,-0.021480463631042137,-0.023080463631042138,6,6,low
2023-09-29,-0.005010566150634851,-0.006610566150634851,6,6,low
2023-09-30,-0.0027009375538706204,-0.004300937553870621,6,6,low
2023-10-01,-0.011816489857365891,-0.013416489857365892,6,6,low
2023-10-02,0.0017378515442129368,0.00013785154421293668,6,6,low
2023-10-03,0.004775585783558946,0.003175585783558946,6,6,low
2023-10-04,-0.0007464830072573511,-0.0023464830072573513,6,6,low
2023-10-05,-0.0010414728484290504,-0.0026414728484290507,6,6,low
2023-10-06,-0.009534375541155087,-0.011134375541155088,6,6,low
2023-10-07,-0.010379866010858399,-0.0119798660108584,6,6,low
2023-10-08,-0.007337888827624501,-0.008937888827624502,6,6,low
2023-10-09,0.002575912106667388,0.000975912106667388,6,6,low
2023-10-10,-0.0013292846557594268,-0.0029292846557594267,6,6,low
2023-10-11,-0.0020229078904755453,-0.0036229078904755456,6,6,low
2023-10-12,-0.0001304168866300328,-0.0017304168866300329,6,6,low
2023-10-13,0.0011156957910703098,-0.00048430420892969024,6,6,low
2023-10-14,0.015336269588267292,0.013736269588267291,6,6,low
2023-10-15,0.013219576094768183,0.011619576094768182,6,6,low
2023-10-16,0.0061831365004855745,0.004583136500485575,6,6,low
2023-10-17,0.012294807736118706,0.010694807736118705,6,6,low
2023-10-18,0.016543636016225553,0.014943636016225552,6,6,low
2023-10-19,-0.010807809115032607,-0.012407809115032607,6,6,low
2023-10-20,-0.01791038735680337,-0.019510387356803372,6,6,low
2023-10-21,-1.0720456091344033e-05,-0.0016107204560913441,6,6,low
2023-10-22,0.011382754028405669,0.009782754028405668,6,6,low
2023-10-23,0.01168981270545752,0.010089812705457519,6,6,low
2023-10-24,0.008115232502601969,0.006515232502601969,6,6,low
2023-10-25,-0.009561606000413904,-0.011161606000413904,6,6,low
2023-10-26,-0.004013222010433491,-0.005613222010433491,6,6,low
2023-10-27,0.004373818270722318,0.0027738182707223178,6,6,low
2023-10-28,0.002958092220241168,0.001358092220241168,6,6,low
2023-10-29,-0.017485857787399927,-0.019085857787399928,6,6,low
2023-10-30,-5.171545145764289e-05,-0.001651715451457643,6,6,low
2023-10-31,0.0009549678176455807,-0.0006450321823544194,6,6,low
2023-11-01,-0.00023623310994636774,-0.0018362331099463678,6,6,low
2023-11-02,0.0010922526920729564,-0.0005077473079270437,6,6,low
2023-11-03,0.015040009415080324,0.013440009415080324,6,6,low
2023-11-04,0.005387443002695707,0.003787443002695707,6,6,low
2023-11-05,0.015343272411178208,0.013743272411178207,6,6,low
2023-11-06,-0.008433504537763353,-0.010033504537763353,6,6,low
2023-11-07,0.0214682532972181,0.0198682532972181,6,6,low
2023-11-08,-0.011087553792482744,-0.012687553792482745,6,6,low
2023-11-09,0.021508845658220754,0.019908845658220754,6,6,low
2023-11-10,-0.0032517864447660083,-0.004851786444766008,6,6,low
2023-11-11,0.014915707816821616,0.013315707816821615,6,6,low
2023-11-12,0.017835198291283928,0.016235198291283927,6,6,low
2023-11-13,0.04095337154854498,0.039353371548544985,6,6,low
2023-11-14,-0.001038681286593006,-0.0026386812865930058,6,6,low
2023-11-15,-0.01863633728608162,-0.02023633728608162,6,6,low
2023-11-16,-0.001443242515029447,-0.003043242515029447,6,6,low
2023-11-17,-0.02485607978858693,-0.026456079788586932,6,6,low
2023-11-18,-0.033443579710338595,-0.03504357971033859,6,6,low
2023-11-19,-0.035321343038631235,-0.03692134303863123,6,6,low
2023-11-20,0.001526275988599897,-7.372401140010314e-05,6,6,low
2023-11-21,0.0028576803853975347,0.0012576803853975346,6,6,low
2023-11-22,-0.008396992112388956,-0.009996992112388957,6,6,low
2023-11-23,-0.014343920005526783,-0.015943920005526784,6,6,low
2023-11-24,-0.0012687576579422958,-0.0028687576579422957,6,6,low
2023-11-25,0.0026729181479906907,0.0010729181479906906,6,6,low
2023-11-26,-0.01193012914994936,-0.01353012914994936,6,6,low
2023-11-27,-0.014661095332185342,-0.01626109533218534,6,6,low
2023-11-28,-0.0033290235609868546,-0.0049290235609868545,6,6,low
2023-11-29,0.009327906290584002,0.007727906290584002,6,6,low
2023-11-30,0.0003864959038875765,-0.0012135040961124236,6,6,low
2023-12-01,0.008753931743470646,0.007153931743470646,6,6,low
2023-12-02,0.013851123524477767,0.012251123524477766,6,6,low
2023-12-03,0.005029807839959488,0.0034298078399594882,6,6,low
2023-12-04,0.009520916999867545,0.007920916999867545,6,6,low
2023-12-05,0.022810740956507584,0.021210740956507584,6,6,low
2023-12-06,0.024832506827866245,0.023232506827866244,6,6,low
2023-12-07,0.055222893645537285,0.05362289364553729,6,6,low
2023-12-08,0.037656312697665825,0.03605631269766583,6,6,low
2023-12-09,0.009433928517504662,0.007833928517504661,6,6,low
2023-12-10,0.04047103894541168,0.03887103894541168,6,6,low
2023-12-11,0.031806925292222635,0.030206925292222634,6,6,low
2023-12-12,0.007672756937738568,0.0060727569377385686,6,6,low
2023-12-13,-0.018837478966388523,-0.020437478966388523,6,6,low
2023-12-14,-0.018781472424370095,-0.020381472424370096,6,6,low
2023-12-15,0.0008900465911281814,-0.0007099534088718187,6,6,low
2023-12-16,0.011474650538400312,0.009874650538400311,6,6,low
2023-12-17,0.026411214076766318,0.024811214076766317,6,6,low
2023-12-18,0.021302501161120625,0.019702501161120625,6,6,low
2023-12-19,0.015074172665008344,0.013474172665008343,6,6,low
2023-12-20,0.00031902078664060307,-0.001280979213359397,6,6,low
2023-12-21,0.011959736131197902,0.010359736131197901,6,6,low
2023-12-22,0.03248502730211418,0.03088502730211418,6,6,low
2023-12-23,0.012110684184835145,0.010510684184835145,6,6,low
2023-12-24,-0.027835676409739656,-0.029435676409739656,6,6,low
2023-12-25,-0.03423667132860322,-0.035836671328603215,6,6,low
2023-12-26,-0.02755052479974607,-0.029150524799746072,6,6,low
2023-12-27,-0.004659221463936426,-0.0062592214639364254,6,6,low
2023-12-28,-0.011163957459397843,-0.012763957459397844,6,6,low
2023-12-29,0.013500635487597267,0.011900635487597266,6,6,low
2023-12-30,0.0062128169648634594,0.00461281696486346,6,6,low
2023-12-31,-0.014941696506581177,-0.016541696506581178,6,6,low
2024-01-01,-0.004808568430742892,-0.006408568430742892,6,6,low
2024-01-02,0.004784335030005971,0.0031843350300059707,6,6,low
2024-01-03,0.016816371072223738,0.015216371072223737,6,6,low
2024-01-04,0.012732024825698941,0.01113202482569894,6,6,low
2024-01-05,-0.00022269993596319652,-0.0018226999359631966,6,6,low
2024-01-06,0.00798608257184592,0.00638608257184592,6,6,low
2024-01-07,-0.024518253220440857,-0.026118253220440858,6,6,low
2024-01-08,-0.020335073485627988,-0.02193507348562799,6,6,low
2024-01-09,-0.021113017536802295,-0.022713017536802296,6,6,low
2024-01-10,0.01034610536795419,0.008746105367954188,6,6,low
2024-01-11,-0.011202113977473036,-0.012802113977473037,6,6,low
2024-01-12,-0.023042591713929503,-0.024642591713929504,6,6,low
2024-01-13,-0.019818810657221207,-0.021418810657221208,6,6,low
2024-01-14,-0.003930136208367566,-0.005530136208367566,6,6,low
2024-01-15,0.0012469638385041448,-0.00035303616149585525,6,6,low
2024-01-16,0.025121211555940798,0.023521211555940797,6,6,low
2024-01-17,0.010197604304705246,0.008597604304705245,6,6,low
2024-01-18,0.010368419787585187,0.008768419787585186,6,6,low
2024-01-19,0.005373351629181296,0.003773351629181296,6,6,low
2024-01-20,0.0006691093764406228,-0.0009308906235593773,6,6,low
2024-01-21,-0.009464265396013603,-0.011064265396013604,6,6,low
2024-01-22,-0.019163741074641454,-0.020763741074641455,6,6,low
2024-01-23,-0.010821095896861971,-0.012421095896861972,6,6,low
2024-01-24,-0.00769688563599915,-0.00929688563599915,6,6,low
2024-01-25,-0.01448369846228796,-0.01608369846228796,6,6,low
2024-01-26,-0.016037844655011638,-0.01763784465501164,6,6,low
2024-01-27,-0.01650889614041403,-0.01810889614041403,6,6,low
2024-01-28,-0.011446367659511732,-0.013046367659511733,6,6,low
2024-01-29,-0.015434828389795065,-0.017034828389795066,6,6,low
2024-01-30,0.01150722956630766,0.009907229566307659,6,6,low
2024-01-31,0.014026396664226093,0.012426396664226092,6,6,low
2024-02-01,0.006208459227372854,0.0046084592273728546,6,6,low
2024-02-02,-0.004426045459381514,-0.006026045459381514,6,6,low
2024-02-03,0.0025817483899152455,0.0009817483899152454,6,6,low
2024-02-04,0.0001474097348186723,-0.0014525902651813278,6,6,low
2024-02-05,-0.0020328735482503663,-0.003632873548250366,6,6,low
2024-02-06,-0.01661773897577861,-0.01821773897577861,6,6,low
2024-02-07,-0.017859152031686615,-0.019459152031686616,6,6,low
2024-02-08,0.017077613079070953,0.015477613079070952,6,6,low
2024-02-09,0.006916323049391252,0.005316323049391252,6,6,low
2024-02-10,0.006389038869339574,0.004789038869339574,6,6,low
2024-02-11,0.009326496556612978,0.007726496556612978,6,6,low
2024-02-12,-0.0069082658017820976,-0.008508265801782098,6,6,low
2024-02-13,0.006285451971592075,0.004685451971592075,6,6,low
2024-02-14,0.001877419604355752,0.00027741960435575196,6,6,low
2024-02-15,-0.01487282306706944,-0.01647282306706944,6,6,low
2024-02-16,-0.009615150591565935,-0.011215150591565935,6,6,low
2024-02-17,0.005167559571151715,0.003567559571151715,6,6,low
2024-02-18,0.017132008326623486,0.015532008326623485,6,6,low
2024-02-19,0.029128890911933714,0.027528890911933713,6,6,low
2024-02-20,0.05016036758279416,0.04856036758279416,6,6,low
2024-02-21,0.048013016811661605,0.04641301681166161,6,6,low
2024-02-22,0.019985341764624524,0.018385341764624523,6,6,low
2024-02-23,-0.008782821847917233,-0.010382821847917233,6,6,low
2024-02-24,-0.02345900648774061,-0.02505900648774061,6,6,low
2024-02-25,-0.029049893882632065,-0.030649893882632066,6,6,low
2024-02-26,-0.015475045351675468,-0.017075045351675467,6,6,low
2024-02-27,-0.024732007985106004,-0.026332007985106005,6,6,low
2024-02-28,-0.01686126423952375,-0.01846126423952375,6,6,low
2024-02-29,0.012886051956914266,0.011286051956914265,6,6,low
2024-03-01,0.0070039313386487945,0.005403931338648795,6,6,low
2024-03-02,-0.002509205500956034,-0.004109205500956034,6,6,low
2024-03-03,-0.013393644114627842,-0.014993644114627842,6,6,low
2024-03-04,-0.010249737158149506,-0.011849737158149506,6,6,low
2024-03-05,-0.003594838066448787,-0.005194838066448787,6,6,low
2024-03-06,-0.003652869076040042,-0.005252869076040042,6,6,high
2024-03-07,0.013956745589870883,0.012356745589870882,6,6,high
2024-03-08,0.02070211408318691,0.01910211408318691,6,6,high
2024-03-09,0.008925519246316002,0.007325519246316002,6,6,high
2024-03-10,0.011659805249145411,0.01005980524914541,6,6,high
2024-03-11,0.033863597284001866,0.03226359728400187,6,6,low
2024-03-12,-0.016599874833123612,-0.018199874833123613,6,6,high
2024-03-13,-0.0276916753912589,-0.0292916753912589,6,6,high
2024-03-14,-0.03141244622312449,-0.033012446223124485,6,6,high
2024-03-15,0.001983410637159032,0.00038341063715903174,6,6,high
2024-03-16,-0.013828773623085829,-0.01542877362308583,6,6,high
2024-03-17,0.0001425858463409077,-0.0014574141536590924,6,6,high
2024-03-18,0.02183571801604663,0.02023571801604663,6,6,high
2024-03-19,0.026499308306582797,0.024899308306582796,6,6,high
2024-03-20,0.01941367589459353,0.01781367589459353,6,6,high
2024-03-21,-0.010912089405009883,-0.012512089405009884,6,6,high
2024-03-22,0.00989112065321274,0.00829112065321274,6,6,high
2024-03-23,-0.005276950411369524,-0.006876950411369524,6,6,high
2024-03-24,-0.001569371659412561,-0.003169371659412561,6,6,high
2024-03-25,-0.027712375672429308,-0.02931237567242931,6,6,high
2024-03-26,-0.01983237188553258,-0.02143237188553258,6,6,high
2024-03-27,-0.0076723843802366035,-0.009272384380236604,6,6,high
2024-03-28,-0.003895899866052743,-0.005495899866052743,6,6,high
2024-03-29,0.01117087752327281,0.009570877523272809,6,6,high
2024-03-30,-0.0016725554471000645,-0.0032725554471000643,6,6,high
2024-03-31,0.004798136102854303,0.003198136102854303,6,6,high
2024-04-01,-0.0007522082568799278,-0.0023522082568799276,6,6,high
2024-04-02,-0.006191596109983284,-0.007791596109983284,6,6,high
2024-04-03,-0.0028887301443206812,-0.004488730144320681,6,6,high
2024-04-04,0.004587422801045594,0.0029874228010455944,6,6,high
2024-04-05,0.02551452807446215,0.02391452807446215,6,6,high
2024-04-06,-0.00298881736947735,-0.00458881736947735,6,6,high
2024-04-07,-0.022741159847588698,-0.024341159847588698,6,6,high
2024-04-08,-0.03878604027423508,-0.04038604027423508,6,6,high
2024-04-09,-0.05770329344422095,-0.059303293444220945,6,6,high
2024-04-10,-0.052038067838726984,-0.05363806783872698,6,6,high
2024-04-11,-0.03140126240928462,-0.03300126240928462,6,6,high
2024-04-12,-0.01636054860583895,-0.01796054860583895,6,6,high
2024-04-13,0.020407452729882945,0.018807452729882945,6,6,high
2024-04-14,0.0019387070814757892,0.00033870708147578916,6,6,high
2024-04-15,0.002610097210375432,0.0010100972103754319,6,6,high
2024-04-16,0.0013721399345927318,-0.00022786006540726823,6,6,high
2024-04-17,0.02647393779082633,0.02487393779082633,6,6,high
2024-04-18,0.015394254073413383,0.013794254073413382,6,6,high
2024-04-19,0.017750962855451514,0.016150962855451513,6,6,high
2024-04-20,0.006125324037822938,0.004525324037822938,6,6,low
2024-04-21,-0.0013273475755538398,-0.00292734757555384,6,6,low
2024-04-22,-0.0005328304274883171,-0.002132830427488317,6,6,low
2024-04-23,-0.007769963286340598,-0.009369963286340599,6,6,low
2024-04-24,-0.020677781792785795,-0.022277781792785795,6,6,low
2024-04-25,-0.021077620014040368,-0.02267762001404037,6,6,low
2024-04-26,-0.0015039045891079173,-0.003103904589107917,6,6,low
2024-04-27,0.011519314031354002,0.009919314031354001,6,6,low
2024-04-28,-0.008301412160673333,-0.009901412160673334,6,6,low
2024-04-29,-0.011497888313717316,-0.013097888313717316,6,6,low
2024-04-30,-0.026588365519188827,-0.028188365519188827,6,6,low
2024-05-01,-0.0335829722983091,-0.0351829722983091,6,6,low
2024-05-02,-0.0357044092660173,-0.037304409266017295,6,6,low
2024-05-03,-0.004651741888761657,-0.006251741888761657,6,6,low
2024-05-04,0.0025416025142388065,0.0009416025142388064,6,6,low
2024-05-05,-0.006812412841351884,-0.008412412841351885,6,6,low
2024-05-06,-0.014923860808266503,-0.016523860808266504,6,6,low
2024-05-07,-0.005707930715287909,-0.007307930715287909,6,6,low
2024-05-08,-0.006639451057348757,-0.008239451057348758,6,6,low
2024-05-09,-0.0006639169086802982,-0.002263916908680298,6,6,low
2024-05-10,0.010193752623315752,0.008593752623315751,6,6,low
2024-05-11,0.003731080288767565,0.002131080288767565,6,6,low
2024-05-12,-0.012718592218368612,-0.014318592218368613,6,6,low
2024-05-13,-0.0012045558628182435,-0.0028045558628182433,6,6,low
2024-05-14,-0.01911747771087946,-0.02071747771087946,6,6,low
2024-05-15,-0.025003507105330346,-0.026603507105330347,6,6,low
2024-05-16,0.012922105729247655,0.011322105729247654,6,6,low
2024-05-17,-0.012809531451741421,-0.014409531451741422,6,6,low
2024-05-18,0.012367337306955443,0.010767337306955442,6,6,low
2024-05-19,0.01392301247561797,0.01232301247561797,6,6,low
2024-05-20,3.716855445430947e-05,-0.0015628314455456906,6,6,low
2024-05-21,0.006397054962124314,0.0047970549621243145,6,6,low
2024-05-22,-0.019302555953789536,-0.020902555953789537,6,6,high
2024-05-23,0.005538020143238558,0.003938020143238558,6,6,low
2024-05-24,-0.006459807051657428,-0.008059807051657429,6,6,high
2024-05-25,-0.001733435181975746,-0.003333435181975746,6,6,low
2024-05-26,-0.006075600508135058,-0.007675600508135058,6,6,low
2024-05-27,-0.015230628124268735,-0.016830628124268734,6,6,low
2024-05-28,-0.015323505579235005,-0.016923505579235006,6,6,low
2024-05-29,-0.0072944430196681944,-0.008894443019668194,6,6,low
2024-05-30,-0.01516806002846012,-0.01676806002846012,6,6,low
2024-05-31,-0.005439968524501532,-0.007039968524501532,6,6,low
2024-06-01,0.006592200904092113,0.004992200904092113,6,6,low
2024-06-02,-0.01266735930887234,-0.014267359308872341,6,6,low
2024-06-03,-0.00396450894360292,-0.00556450894360292,6,6,low
2024-06-04,0.029114846052237256,0.027514846052237255,6,6,low
2024-06-05,0.034534837820981545,0.03293483782098155,6,6,low
2024-06-06,0.01706435539720128,0.015464355397201278,6,6,low
2024-06-07,-0.016522857192818142,-0.018122857192818143,6,6,low
2024-06-08,-0.013583035584861323,-0.015183035584861324,6,6,low
2024-06-09,-0.011076036242599157,-0.012676036242599158,6,6,low
2024-06-10,0.002507235758743516,0.0009072357587435159,6,6,low
2024-06-11,0.023982043390555558,0.022382043390555557,6,6,low
2024-06-12,0.005771353697359867,0.004171353697359867,6,6,low
2024-06-13,-0.005508613604131692,-0.0071086136041316915,6,6,low
2024-06-14,0.013303842447425107,0.011703842447425106,6,6,low
2024-06-15,0.020416023820999173,0.018816023820999173,6,6,low
2024-06-16,0.013809920092933296,0.012209920092933296,6,6,low
2024-06-17,0.004194806056875566,0.0025948060568755657,6,6,low
2024-06-18,-0.007676262408342278,-0.009276262408342279,6,6,low
2024-06-19,0.00747981932656272,0.00587981932656272,6,6,low
2024-06-20,0.012939515373936544,0.011339515373936543,6,6,low
2024-06-21,-0.0024375249152274667,-0.0040375249152274665,6,6,low
2024-06-22,-0.01577292850369198,-0.01737292850369198,6,6,low
2024-06-23,-0.012918185056943837,-0.014518185056943838,6,6,low
2024-06-24,-0.020014624255057463,-0.021614624255057464,6,6,low
2024-06-25,-0.0010437863351130468,-0.002643786335113047,6,6,low
2024-06-26,-0.003791386599866153,-0.005391386599866153,6,6,low
2024-06-27,-5.74065136340902e-05,-0.0016574065136340903,6,6,low
2024-06-28,0.002855856071460718,0.0012558560714607178,6,6,low
2024-06-29,0.016714764876764997,0.015114764876764997,6,6,low
2024-06-30,0.005963391946841017,0.004363391946841017,6,6,low
2024-07-01,-0.008709648637590127,-0.010309648637590128,6,6,low
2024-07-02,0.020457573170886006,0.018857573170886006,6,6,low
2024-07-03,0.008824634407045995,0.007224634407045996,6,6,low
2024-07-04,0.015123732791002712,0.013523732791002711,6,6,low
2024-07-05,-0.012493466179390476,-0.014093466179390477,6,6,low
2024-07-06,0.006322169122750133,0.004722169122750133,6,6,low
2024-07-07,-0.007369689182250391,-0.008969689182250391,6,6,low
2024-07-08,0.0030386685971393133,0.0014386685971393132,6,6,low
2024-07-09,-0.0009496797063549001,-0.0025496797063549,6,6,low
2024-07-10,0.009758778089564674,0.008158778089564674,6,6,low
2024-07-11,9.264681659262863e-05,-0.0015073531834073714,6,6,low
2024-07-12,-0.006018885152048251,-0.0076188851520482504,6,6,low
2024-07-13,-0.0167454057287098,-0.0183454057287098,6,6,low
2024-07-14,0.015474368689635271,0.01387436868963527,6,6,low
2024-07-15,0.013406854268492639,0.011806854268492638,6,6,low
2024-07-16,0.00022704870325456535,-0.0013729512967454347,6,6,low
2024-07-17,-0.009934029558559213,-0.011534029558559214,6,6,low
2024-07-18,0.0017278253675510578,0.00012782536755105776,6,6,low
2024-07-19,0.024164534206924458,0.022564534206924457,6,6,low
2024-07-20,0.008301978353075588,0.006701978353075588,6,6,low
2024-07-21,0.004603918629860697,0.003003918629860697,6,6,low
2024-07-22,-0.012542999117168597,-0.014142999117168598,6,6,low
2024-07-23,0.009697407508913583,0.008097407508913582,6,6,low
2024-07-24,-0.009628854259164123,-0.011228854259164124,6,6,low
2024-07-25,0.004364020388219198,0.002764020388219198,6,6,low
2024-07-26,-0.0019068727378541133,-0.003506872737854113,6,6,low
2024-07-27,0.007827102887341666,0.006227102887341666,6,6,low
2024-07-28,-0.002558144697384558,-0.004158144697384558,6,6,low
2024-07-29,-0.000208868259557609,-0.001808868259557609,6,6,low
2024-07-30,-0.0037704986357196962,-0.005370498635719696,6,6,low
2024-07-31,0.004222993579867468,0.002622993579867468,6,6,low
2024-08-01,0.00802224418269877,0.006422244182698771,6,6,low
2024-08-02,-0.02114336862842711,-0.022743368628427112,6,6,low
2024-08-03,-0.013003106854939848,-0.01460310685493985,6,6,low
2024-08-04,0.022725799984886715,0.021125799984886715,6,6,low
2024-08-05,-0.014833751739589424,-0.016433751739589424,6,6,low
2024-08-06,0.00562609773781499,0.00402609773781499,6,6,low
2024-08-07,-0.014455618571724081,-0.016055618571724082,6,6,low
2024-08-08,-0.00027339544467708254,-0.0018733954446770826,6,6,low
2024-08-09,0.017749863817959507,0.016149863817959506,6,6,high
2024-08-10,0.0134795729842206,0.011879572984220599,6,6,high
2024-08-11,0.017313917176178893,0.015713917176178892,6,6,high
2024-08-12,-0.011021512480717338,-0.012621512480717339,6,6,high
2024-08-13,0.002512083109824684,0.000912083109824684,6,6,high
2024-08-14,-0.011121621461801163,-0.012721621461801164,6,6,high
2024-08-15,-0.0016192614400458724,-0.0032192614400458723,6,6,high
2024-08-16,0.010770781168080994,0.009170781168080993,6,6,high
2024-08-17,0.0014578295728615506,-0.00014217042713844945,6,6,high
2024-08-18,-0.011601988559531661,-0.013201988559531662,6,6,high
2024-08-19,-0.007614363883291855,-0.009214363883291856,6,6,high
2024-08-20,0.019548332688914507,0.017948332688914506,6,6,high
2024-08-21,0.008940069185963545,0.007340069185963545,6,6,high
2024-08-22,0.012659516094430159,0.011059516094430158,6,6,high
2024-08-23,0.005071499341147754,0.0034714993411477544,6,6,high
2024-08-24,0.012773000583429582,0.011173000583429581,6,6,high
2024-08-25,0.015881925665359106,0.014281925665359105,6,6,high
2024-08-26,0.02214369353199184,0.020543693531991838,6,6,high
2024-08-27,0.022108802490206268,0.020508802490206268,6,6,high
2024-08-28,0.01924177335008538,0.01764177335008538,6,6,high
2024-08-29,0.003738611721033576,0.002138611721033576,6,6,high
2024-08-30,-0.000801013528808953,-0.002401013528808953,6,6,high
2024-08-31,-0.006627654743721173,-0.008227654743721174,6,6,high
2024-09-01,0.005287014874358756,0.003687014874358756,6,6,high
2024-09-02,-0.010811446091947391,-0.012411446091947392,6,6,high
2024-09-03,-0.006794399022675418,-0.00839439902267542,6,6,high
2024-09-04,0.0075186655278382235,0.005918665527838224,6,6,high
2024-09-05,0.0183617587804924,0.016761758780492398,6,6,high
2024-09-06,0.010543304255297627,0.008943304255297626,6,6,high
2024-09-07,0.02170294264900823,0.020102942649008228,6,6,high
2024-09-08,-0.004917688170049802,-0.006517688170049802,6,6,low
2024-09-09,-0.0012006042877494589,-0.0028006042877494587,6,6,low
2024-09-10,0.0004770250963481576,-0.0011229749036518425,6,6,low
2024-09-11,-0.010590944075639448,-0.012190944075639448,6,6,low
2024-09-12,-0.013119517236338453,-0.014719517236338454,6,6,low
2024-09-13,-0.02687590092229141,-0.028475900922291412,6,6,low
2024-09-14,-0.015397986053880474,-0.016997986053880473,6,6,low
2024-09-15,0.0049235086554174825,0.0033235086554174826,6,6,low
2024-09-16,-0.0018987565340131546,-0.0034987565340131544,6,6,low
2024-09-17,-0.004457205862786234,-0.0060572058627862335,6,6,low
2024-09-18,-0.01767423483463932,-0.01927423483463932,6,6,low
2024-09-19,0.006430832622931125,0.004830832622931125,6,6,low
2024-09-20,-0.002910551959188137,-0.004510551959188137,6,6,low
2024-09-21,-0.00039261226276374704,-0.001992612262763747,6,6,low
2024-09-22,-0.008673664503155433,-0.010273664503155434,6,6,low
2024-09-23,0.0017496273614876524,0.00014962736148765236,6,6,low
2024-09-24,-0.0001983437743092835,-0.0017983437743092836,6,6,low
2024-09-25,0.0012756542178108954,-0.0003243457821891047,6,6,low
2024-09-26,-0.014689950718168147,-0.016289950718168147,6,6,low
2024-09-27,-0.030828601968166502,-0.0324286019681665,6,6,low
2024-09-28,-0.0375903117506753,-0.0391903117506753,6,6,low
2024-09-29,-0.017622516192618752,-0.019222516192618753,6,6,low
2024-09-30,-0.017613403034639957,-0.019213403034639958,6,6,low
2024-10-01,-0.01207519630384295,-0.013675196303842951,6,6,low
2024-10-02,-0.005267326980889969,-0.006867326980889969,6,6,low
2024-10-03,0.003308853529155484,0.0017088535291554837,6,6,low
2024-10-04,-0.00018007458173864435,-0.0017800745817386444,6,6,low
2024-10-05,0.009301528656637897,0.007701528656637897,6,6,low
2024-10-06,0.00926333190393937,0.007663331903939369,6,6,low
2024-10-07,0.018790293929868106,0.017190293929868105,6,6,low
2024-10-08,0.0033160756480115276,0.0017160756480115275,6,6,low
2024-10-09,0.009650441341666224,0.008050441341666223,6,6,low
2024-10-10,0.0025042037024918234,0.0009042037024918233,6,6,low
2024-10-11,-0.0012696001975777624,-0.0028696001975777622,6,6,low
2024-10-12,-0.012864356891807614,-0.014464356891807615,6,6,low
2024-10-13,-0.01545461044174297,-0.01705461044174297,6,6,low
2024-10-14,-0.0069437591465048645,-0.008543759146504865,6,6,low
2024-10-15,0.013404950342146355,0.011804950342146354,6,6,low
2024-10-16,0.02099159418216244,0.01939159418216244,6,6,low
2024-10-17,0.006357561971737789,0.004757561971737789,6,6,low
2024-10-18,-0.002877866487417357,-0.004477866487417357,6,6,low
2024-10-19,-0.019365122776651804,-0.020965122776651805,6,6,low
2024-10-20,-0.004343290208509841,-0.005943290208509841,6,6,low
2024-10-21,0.00027877187034050944,-0.0013212281296594906,6,6,low
2024-10-22,0.012695129343092946,0.011095129343092945,6,6,low
2024-10-23,0.0051374162377462364,0.0035374162377462366,6,6,low
2024-10-24,-0.00258754146641269,-0.00418754146641269,6,6,low
2024-10-25,0.008517042712145196,0.006917042712145196,6,6,low
2024-10-26,-0.001980187620423176,-0.003580187620423176,6,6,low
2024-10-27,-0.0008512842751654277,-0.0024512842751654275,6,6,low
2024-10-28,0.010080609214757355,0.008480609214757354,6,6,low
2024-10-29,0.012151847049538513,0.010551847049538512,6,6,low
2024-10-30,0.01467271904139245,0.013072719041392449,6,6,low
2024-10-31,0.004788197942950847,0.003188197942950847,6,6,low
2024-11-01,0.01009019299136521,0.00849019299136521,6,6,low
2024-11-02,-0.0026889297998691376,-0.004288929799869137,6,6,low
2024-11-03,-0.003002079542010233,-0.004602079542010233,6,6,low
2024-11-04,-0.011202384585449754,-0.012802384585449755,6,6,low
2024-11-05,-0.018198405849633496,-0.019798405849633497,6,6,low
2024-11-06,-0.011422121284195511,-0.013022121284195512,6,6,low
2024-11-07,0.007061848697864047,0.005461848697864047,6,6,low
2024-11-08,0.03439355907498767,0.032793559074987676,6,6,low
2024-11-09,-0.006541826931568656,-0.008141826931568657,6,6,low
2024-11-10,-0.017181294985067604,-0.018781294985067604,6,6,low
2024-11-11,-0.07725284066361551,-0.07885284066361552,6,6,low
2024-11-12,0.010511004557649199,0.008911004557649198,6,6,high
2024-11-13,-0.05433139692240463,-0.055931396922404626,6,6,high
2024-11-14,0.06112984253316186,0.05952984253316186,6,6,low
2024-11-15,-0.044136531767750495,-0.04573653176775049,6,6,high
2024-11-16,-0.014859901338867443,-0.016459901338867444,6,6,high
2024-11-17,-0.05772199178754031,-0.05932199178754031,6,6,high
2024-11-18,-0.029379955279052804,-0.030979955279052805,6,6,high
2024-11-19,-0.06477086562942794,-0.06637086562942794,6,6,high
2024-11-20,-0.12396946600542447,-0.12556946600542446,6,6,high
2024-11-21,-0.10692501549237893,-0.10852501549237893,6,6,high
2024-11-22,-0.044868246196371975,-0.04646824619637197,6,6,high
2024-11-23,-0.002887534714400404,-0.004487534714400404,6,6,high
2024-11-24,0.03016525509233242,0.02856525509233242,6,6,high
2024-11-25,-0.022464375573163126,-0.024064375573163127,6,6,high
2024-11-26,-0.036586478152919794,-0.03818647815291979,6,6,high
2024-11-27,-0.07071693018098187,-0.07231693018098187,6,6,high
2024-11-28,-0.044694245570472024,-0.04629424557047202,6,6,high
2024-11-29,-0.06248850304765079,-0.06408850304765079,6,6,high
2024-11-30,0.001941496303802387,0.00034149630380238684,6,6,high
2024-12-01,-0.025723725817102736,-0.027323725817102736,6,6,high
2024-12-02,0.06389717813794107,0.06229717813794108,6,6,high
2024-12-03,0.014896042336547852,0.013296042336547851,6,6,high
2024-12-04,0.00042120012173946925,-0.0011787998782605308,6,6,high
2024-12-05,-0.0012718458821427726,-0.0028718458821427725,6,6,high
2024-12-06,0.053634122084471936,0.05203412208447194,6,6,high
2024-12-07,-0.028195220344488285,-0.029795220344488286,6,6,low
2024-12-08,-0.012175842688159882,-0.013775842688159883,6,6,low
2024-12-09,0.04670555264908202,0.045105552649082024,6,6,low
2024-12-10,-0.010099158408938661,-0.011699158408938662,6,6,high
2024-12-11,0.006742532930727258,0.005142532930727258,6,6,low
2024-12-12,0.007683805225451494,0.006083805225451495,6,6,low
2024-12-13,0.013197718097249803,0.011597718097249802,6,6,low
2024-12-14,0.007385960961684067,0.005785960961684067,6,6,low
2024-12-15,0.01877849812060358,0.01717849812060358,6,6,low
2024-12-16,0.04337568648488779,0.041775686484887796,6,6,low
2024-12-17,0.018324492853082283,0.016724492853082282,6,6,low
2024-12-18,0.012443796938972705,0.010843796938972704,6,6,low
2024-12-19,-0.01785009663159471,-0.01945009663159471,6,6,low
2024-12-20,-0.009760330420829529,-0.01136033042082953,6,6,low
2024-12-21,-0.021209822553830672,-0.022809822553830673,6,6,low
2024-12-22,-0.01622868144511297,-0.01782868144511297,6,6,low
2024-12-23,0.02111448015585602,0.01951448015585602,6,6,low
2024-12-24,0.0018600362476925633,0.00026003624769256324,6,6,low
2024-12-25,0.0010731140159546335,-0.0005268859840453666,6,6,low
2024-12-26,-0.0032466064959761794,-0.004846606495976179,6,6,low
2024-12-27,0.003259562945616066,0.001659562945616066,6,6,low
2024-12-28,0.024646155899912144,0.023046155899912144,6,6,low
2024-12-29,0.0013103051926860198,-0.00028969480731398027,6,6,low
2024-12-30,0.0012428809053148567,-0.00035711909468514333,6,6,low
